model,vehicle,co2_g,nox_g,pm_g,fc_g
fvdm,0,9029.272208722221,22.08195661111111,0.03541325,2881.9846969166665
fvdm,1,6592.165800527778,12.747666916666667,0.023584638888888888,2104.103244638889
fvdm,2,5534.957222138889,10.266021194444445,0.019900583333333333,1766.6608825555554
fvdm,3,5063.06922388889,9.426174722222221,0.01878811111111111,1616.0425425555554
fvdm,10,4731.826896694445,9.34595363888889,0.01837891666666667,1510.3158250555555
fvdm,20,4755.760947083334,9.977215666666666,0.01931547222222222,1517.9551528611114
fvdm,30,4712.053422388888,9.839363055555555,0.01925822222222222,1504.004480638889
fvdm,40,4669.04451,9.684508972222222,0.0191625,1490.2767924444445
fvdm,50,4656.482304222222,9.70304502777778,0.019107,1486.2671578055556
fvdm,55,4648.179079111111,9.644101805555556,0.01904522222222222,1483.616913722222
fvdm,60,4640.060398944444,9.673558611111112,0.019066805555555552,1481.0255748333334
fvdm,65,4636.310157194444,9.650292638888889,0.0190045,1479.8285632222223
fvdm,70,4628.572744638889,9.640199555555558,0.019055305555555554,1477.358917
fvdm,75,4624.72824525,9.607854277777777,0.019019472222222222,1476.1318214166668
fvdm,80,4619.322255833333,9.61229363888889,0.018922277777777777,1474.4063231944444
fvdm,85,4612.422332972223,9.618309583333335,0.019036305555555556,1472.2039908055556
fvdm,90,4610.618148055555,9.585487222222223,0.01887963888888889,1471.6281267222223
fvdm,95,4604.244187055556,9.581118,0.019040638888888888,1469.5936704722221
fvdm,100,4602.286725944445,9.579951166666667,0.0189365,1468.9688828888889
fvdm,105,4598.595830916667,9.587834833333334,0.018839527777777774,1467.7908144722223
fvdm,110,4591.972978277778,9.586544694444445,0.019034333333333334,1465.6769163333333
fvdm,115,4592.833149361111,9.544785583333333,0.01874186111111111,1465.9514678055555
fvdm,120,4585.145877722222,9.597142472222224,0.018912416666666668,1463.4978255277779
fvdm,125,4582.301960944444,9.539965333333335,0.018875583333333334,1462.5900981666666
fvdm,130,4583.444084749999,9.539476222222223,0.01883686111111111,1462.9546441666666
fvdm,135,4577.863424500001,9.528524944444445,0.018973361111111108,1461.173395361111
fvdm,140,4576.225629500001,9.525592222222222,0.018780166666666667,1460.6506398055558
fvdm,145,4575.228373666667,9.530859277777779,0.018811222222222222,1460.3323326666668
fvdm,150,4569.229632583334,9.509776972222223,0.018861444444444445,1458.4176407777777
fvdm,155,4571.920409944444,9.52382902777778,0.01876225,1459.2764897499999
fvdm,160,4566.045738694444,9.52736263888889,0.018693277777777777,1457.401398611111
fvdm,165,4562.908057138889,9.502578472222224,0.018895166666666668,1456.3999064444447
fvdm,170,4563.930214083333,9.47874913888889,0.01861611111111111,1456.7261591666665
fvdm,175,4556.440754916666,9.545987333333334,0.018812611111111113,1454.3356572222224
fvdm,180,4557.754113166667,9.47291352777778,0.018707888888888885,1454.7548567222225
fvdm,185,4556.874311111111,9.49571627777778,0.018637861111111112,1454.4740399722223
fvdm,190,4551.772562666667,9.498691333333333,0.01880922222222222,1452.8456523055556
fvdm,195,4553.640786361111,9.450303000000002,0.01867608333333333,1453.4419547222221
fvdm,200,4549.522858083334,9.472415333333334,0.018709944444444446,1452.1275872222222
mfvdm,0,9029.272208722221,22.08195661111111,0.03541325,2881.9846969166665
mfvdm,1,6592.165800527778,12.747666916666667,0.023584638888888888,2104.103244638889
mfvdm,2,5721.19198275,10.630691166666667,0.020411555555555554,1826.103739
mfvdm,3,5210.015484944444,9.656996583333333,0.019101555555555556,1662.9452015555557
mfvdm,10,4634.770629027778,8.74400111111111,0.017843166666666667,1479.3371727777778
mfvdm,20,4644.350964194444,8.994040555555554,0.018019972222222222,1482.3950471666667
mfvdm,30,4663.656819555556,9.270632027777776,0.018276972222222222,1488.5571362222222
mfvdm,40,4666.63585563889,9.454111055555554,0.018290833333333333,1489.5079928055557
mfvdm,50,4636.5735681666665,9.443717055555556,0.018182499999999997,1479.912639861111
mfvdm,55,4616.195936083333,9.408164555555555,0.018141777777777778,1473.4084581388888
mfvdm,60,4603.543553722222,9.379856416666668,0.018092583333333332,1469.3700400555554
mfvdm,65,4596.604090111111,9.364475722222222,0.018024805555555558,1467.1550860833333
mfvdm,70,4589.014535472222,9.369758611111111,0.01802177777777778,1464.732633388889
mfvdm,75,4583.204409805556,9.366383416666666,0.018020194444444443,1462.878144222222
mfvdm,80,4575.912208472222,9.360392305555555,0.018046444444444445,1460.550601388889
mfvdm,85,4566.561820666667,9.341775472222224,0.018034333333333333,1457.5661224444443
mfvdm,90,4559.066221027779,9.325768472222222,0.017993,1455.1736595555556
mfvdm,95,4553.2071904722225,9.320314777777778,0.01799297222222222,1453.3035599444443
mfvdm,100,4543.376658722222,9.30227738888889,0.017959083333333334,1450.1658275
mfvdm,105,4537.708515833334,9.296229277777778,0.01794930555555555,1448.356655861111
mfvdm,110,4528.346675194443,9.283453277777777,0.017915944444444443,1445.3685206944447
mfvdm,115,4520.846129833333,9.26965463888889,0.017860944444444443,1442.9744798333334
mfvdm,120,4518.010007555556,9.269479166666667,0.01786927777777778,1442.0692386666667
mfvdm,125,4510.583816527778,9.253869222222221,0.01786061111111111,1439.6989288888888
mfvdm,130,4503.5198740000005,9.243349055555555,0.01786936111111111,1437.4442434722223
mfvdm,135,4498.920095888889,9.238724777777778,0.01789486111111111,1435.976075138889
mfvdm,140,4492.000903527778,9.22892636111111,0.017855555555555555,1433.767591
mfvdm,145,4485.410920166666,9.214013055555554,0.017818194444444442,1431.6641842222223
mfvdm,150,4479.484712805555,9.199552138888889,0.017758388888888886,1429.7726427222224
mfvdm,155,4473.579379305555,9.19519463888889,0.017750944444444444,1427.88776475
mfvdm,160,4468.017759222223,9.193181444444445,0.01776186111111111,1426.11259325
mfvdm,165,4463.910443388889,9.186002833333333,0.017748833333333332,1424.80161
mfvdm,170,4459.515879527778,9.18130161111111,0.017760249999999998,1423.39894275
mfvdm,175,4454.749816944444,9.167216583333335,0.017771833333333334,1421.87770025
mfvdm,180,4449.848925805556,9.155177555555555,0.0177375,1420.313422138889
mfvdm,185,4443.14952925,9.147771027777777,0.017727194444444445,1418.175091861111
mfvdm,190,4437.183310472223,9.138186805555556,0.017673916666666664,1416.2707801944443
mfvdm,195,4432.265196861112,9.136017194444445,0.017645194444444446,1414.7010045
mfvdm,200,4427.501529194445,9.129483083333334,0.017656,1413.1805264166667
