c P_norm(rated),NOx,CO,HC,PM,PN
[-],[g/h]norm,[g/h]norm,[g/h]norm,[g/h]norm,[#/h]norm
Pdrive (Engine)= 160.423369492446,
idle,0.997056601146263,0.16337276489438,0.0442023118196051,0.0137184120473814,14399058941932.1
-0.2,0,0,0,0,0
-0.1,0.202651311611694,0.188247554314642,0.0196274003884568,0.0222608829625547,8588256935694.54
0,0.415663296618562,0.275483271658509,0.052557033725493,0.0315748493435079,16204383249843.6
0.1,0.975159621939664,0.384257809725306,0.0803249333343818,0.0297450324789946,33364141357496.9
0.2,1.20884574089062,0.502015787885148,0.0824482250579369,0.0424295778641155,49285842000995.5
0.3,1.6441392655444,0.650121345449554,0.0770402483148025,0.0506414302285145,56312778987586.2
0.4,2.1974158475205,0.926036685365612,0.0675911911132014,0.0591625590393362,57822527588578.7
0.5,2.69907484933286,1.13051138469012,0.0672620361068387,0.0618982751696942,66701262208984.2
0.6,3.18566267806567,1.34854255266571,0.066112550241338,0.0653884918466408,75440614367922.9
0.7,3.36710990163443,1.42954243087123,0.0745604777229011,0.0778079899275851,67371250113131.8
0.8,3.85223860285633,1.36846798649327,0.0799516352832966,0.0767457053098387,67046965349049.9
0.9,4.46342428162588,1.38839814328702,0.0933994108691034,0.0894159689812065,61011569317938
1,4.66352410379927,1.57304720746953,0.102980017125839,0.105887772777507,68318184907658.2
