c P_norm(rated),FC,FC_el,CO2
[-],[g/h/kWrated],[kWh/h/kWrated],[g/h/kWrated]
Pdrive (Engine) = 36.3652987981348,Extrapolation: Pe: -0.2
idle,11.7247619365973,0,36.3961851764521
-0.2,0,0,0
-0.1,1.53162051258404,0,4.75447980074203
0,6.56970097084538,0,20.3937661490975
0.1,40.8066909474101,0,126.67275362959
0.2,63.6805923832846,0,197.678268016146
0.3,86.8364736050551,0,269.559108363176
0.4,111.068768496421,0,344.781368472662
0.5,138.100809608608,0,428.694643585364
0.6,169.008127730507,0,524.637612811963
0.7,195.807741122476,0,607.829382243701
0.8,237.038309306468,0,735.817942068603
0.9,268.14560459667,0,832.381683477015
1,296.848539563571,0,921.481772827413
