c P_norm(drive),NOx,CO,HC,PM,PN
[-],[g/h],[g/h],[g/h],[g/h],[#/h]
Pdrive (Engine) = 23.6012872357508,Extrapolation: Pe: -1.5 - -0.5; 4.5 - 6
idle,0.11643603110771,0.777847422601943,0.0128619964230633,0.00181842035389395,1316178850654.66
-1.5,0,0,0,0,0
-1.25,0,0,0,0,0
-1,0,0,0,0,0
-0.75,0,0,0,0,0
-0.5,0,0,0,0,0
-0.25,0.488314680548079,5.29464203699988,0.135514091285232,0.061747629277566,54581177261695.8
0,0.364605763523311,4.76702589242755,0.102810821868009,0.0299268540027021,27472153486705.6
0.25,0.743668860816057,12.7233189950595,0.199353366651616,0.0337036734181861,32230336780898.7
0.5,1.21869798334155,21.8148950128198,0.306907198247726,0.0431549214492313,37585103638495
0.75,1.926922676084,33.2498489496541,0.535832067425715,0.0793111177768418,67289601015923.8
1,3.40287761258245,37.9649561768887,0.822792268848919,0.139863630803886,119546212135948
1.25,4.96437478534868,51.3432472296652,1.56904908688734,0.220664158890349,189777244660493
1.5,6.35324876877767,72.6247392629634,1.62878555784471,0.351165982431659,248350052182241
1.75,9.99961441242361,91.3325204976619,1.31669133117106,0.36770305322937,219748564894950
2,16.38166756493,100.688763326128,1.12920644044087,0.3036364388026,157372052037589
2.25,24.4369385252066,168.060280578734,1.56022354442378,0.232681832027704,118052260570592
2.5,31.664269651416,249.080239484007,2.38753338835279,0.173281484380045,97003267821724.5
2.75,30.7646930530952,216.292778866982,1.9576503631051,0.251445760306965,144083559378797
3,38.7841282650527,171.375906418037,1.69981500425401,0.226657114225301,125836778744204
3.25,45.5949595132028,166.773205503331,1.48968192316281,0.173520275580392,98543736324005.7
3.5,26.5139616560324,245.270301471768,1.27902923683378,0.166056480962921,121780971205474
3.75,29.3446749470949,397.549371846774,1.82416897342893,0.178957317646653,140881866549759
4,29.358418096793,447.513024738067,2.43007608201147,0.204292605206911,172045783552809
4.25,27.7513026854662,457.631549419575,2.51096336125818,0.2333787257211,205546726272648
4.5,29.3837322551995,484.551052326609,2.65866708839101,0.247106886057636,217637710171040
4.75,31.0161618249328,511.470555233642,2.80637081552385,0.260835046394171,229728694069431
5,32.6485913946661,538.390058140676,2.95407454265668,0.274563206730706,241819677967822
5.25,34.2810209643994,565.30956104771,3.10177826978952,0.288291367067242,253910661866213
5.5,35.9134505341327,592.229063954744,3.24948199692235,0.302019527403777,266001645764604
5.75,37.545880103866,619.148566861778,3.39718572405518,0.315747687740312,278092629662995
6,39.1783096735993,646.068069768811,3.54488945118802,0.329475848076848,290183613561386
