row_type,model,velocity_class,engine_type,vehicle,simulation_vehicle,evaluation_start_s,evaluation_end_s,total_distance_m,total_time_s,average_speed_mps,total_co2_g,total_nox_g,total_pm_g,total_fc,fc_unit
vehicle,fvdm,CADC_highway,B,0,0,6.0,1806.0,49224.912031126034,1800.0,27.347173350625575,0.0,0.0,0.0,13.965870555555556,kWh
vehicle,fvdm,CADC_highway,B,1,1,6.0,1806.0,44061.89291952185,1800.0,24.478829399734362,0.0,0.0,0.0,10.085647805555556,kWh
vehicle,fvdm,CADC_highway,B,2,2,6.0,1806.0,41219.32059537534,1800.0,22.8996225529863,0.0,0.0,0.0,8.390921638888889,kWh
vehicle,fvdm,CADC_highway,B,3,3,6.0,1806.0,39650.06424583789,1800.0,22.02781346990994,0.0,0.0,0.0,7.6133369166666665,kWh
vehicle,fvdm,CADC_highway,B,4,4,7.0,1807.0,38802.23653979478,1800.0,21.556798077663768,0.0,0.0,0.0,7.240541166666667,kWh
vehicle,fvdm,CADC_highway,B,5,5,7.0,1807.0,38314.06465925586,1800.0,21.285591477364367,0.0,0.0,0.0,7.046857083333334,kWh
vehicle,fvdm,CADC_highway,B,6,6,7.0,1807.0,38035.878876453484,1800.0,21.131043820251936,0.0,0.0,0.0,6.9483505277777775,kWh
vehicle,fvdm,CADC_highway,B,7,7,8.0,1808.0,37894.32238266707,1800.0,21.05240132370393,0.0,0.0,0.0,6.903668944444444,kWh
vehicle,fvdm,CADC_highway,B,8,8,9.0,1809.0,37814.91119149759,1800.0,21.008283995276436,0.0,0.0,0.0,6.882946361111111,kWh
vehicle,fvdm,CADC_highway,B,9,9,9.0,1809.0,37746.999101488946,1800.0,20.970555056382747,0.0,0.0,0.0,6.867905166666667,kWh
vehicle,fvdm,CADC_highway,B,10,10,10.0,1810.0,37717.81838130215,1800.0,20.954343545167863,0.0,0.0,0.0,6.8670447222222215,kWh
vehicle,fvdm,CADC_highway,B,11,11,10.0,1810.0,37674.86133160597,1800.0,20.93047851755887,0.0,0.0,0.0,6.862012027777778,kWh
vehicle,fvdm,CADC_highway,B,12,12,11.0,1811.0,37657.696339918,1800.0,20.920942411065557,0.0,0.0,0.0,6.864172138888889,kWh
vehicle,fvdm,CADC_highway,B,13,13,12.0,1812.0,37642.841858277716,1800.0,20.912689921265397,0.0,0.0,0.0,6.869017972222222,kWh
vehicle,fvdm,CADC_highway,B,14,14,12.0,1812.0,37607.74132978127,1800.0,20.89318962765626,0.0,0.0,0.0,6.868467333333333,kWh
vehicle,fvdm,CADC_highway,B,15,15,13.0,1813.0,37595.4609395066,1800.0,20.886367188614777,0.0,0.0,0.0,6.875883972222223,kWh
vehicle,fvdm,CADC_highway,B,16,16,14.0,1814.0,37583.99705288185,1800.0,20.87999836271214,0.0,0.0,0.0,6.881147694444445,kWh
vehicle,fvdm,CADC_highway,B,17,17,14.0,1814.0,37551.45297798746,1800.0,20.86191832110414,0.0,0.0,0.0,6.881417111111111,kWh
vehicle,fvdm,CADC_highway,B,18,18,15.0,1815.0,37541.19682937838,1800.0,20.856220460765766,0.0,0.0,0.0,6.892908083333333,kWh
vehicle,fvdm,CADC_highway,B,19,19,16.0,1816.0,37531.41146136649,1800.0,20.85078414520361,0.0,0.0,0.0,6.896459916666667,kWh
vehicle,fvdm,CADC_highway,B,20,20,17.0,1817.0,37522.039152471116,1800.0,20.845577306928398,0.0,0.0,0.0,6.8898301944444444,kWh
vehicle,fvdm,CADC_highway,B,21,21,17.0,1817.0,37491.30913235725,1800.0,20.828505073531808,0.0,0.0,0.0,6.881168583333333,kWh
vehicle,fvdm,CADC_highway,B,22,22,18.0,1818.0,37482.640660046054,1800.0,20.82368925558114,0.0,0.0,0.0,6.882913027777778,kWh
vehicle,fvdm,CADC_highway,B,23,23,19.0,1819.0,37474.27602215756,1800.0,20.819042234531977,0.0,0.0,0.0,6.8912031111111105,kWh
vehicle,fvdm,CADC_highway,B,24,24,20.0,1820.0,37466.19107843438,1800.0,20.81455059913021,0.0,0.0,0.0,6.880389805555556,kWh
vehicle,fvdm,CADC_highway,B,25,25,20.0,1820.0,37436.64908579415,1800.0,20.79813838099675,0.0,0.0,0.0,6.882619833333333,kWh
vehicle,fvdm,CADC_highway,B,26,26,21.0,1821.0,37429.06756463142,1800.0,20.793926424795234,0.0,0.0,0.0,6.885975388888889,kWh
vehicle,fvdm,CADC_highway,B,27,27,22.0,1822.0,37421.712480718226,1800.0,20.78984026706568,0.0,0.0,0.0,6.876171472222222,kWh
vehicle,fvdm,CADC_highway,B,28,28,23.0,1823.0,37414.57042484849,1800.0,20.785872458249163,0.0,0.0,0.0,6.8818190277777775,kWh
vehicle,fvdm,CADC_highway,B,29,29,23.0,1823.0,37385.92277524686,1800.0,20.769957097359367,0.0,0.0,0.0,6.870206861111111,kWh
vehicle,fvdm,CADC_highway,B,30,30,24.0,1824.0,37379.17480146701,1800.0,20.76620822303723,0.0,0.0,0.0,6.854038222222222,kWh
vehicle,fvdm,CADC_highway,B,31,31,25.0,1825.0,37372.607793976684,1800.0,20.7625598855426,0.0,0.0,0.0,6.854077111111112,kWh
vehicle,fvdm,CADC_highway,B,32,32,26.0,1826.0,37366.21310424487,1800.0,20.759007280136036,0.0,0.0,0.0,6.841961138888889,kWh
vehicle,fvdm,CADC_highway,B,33,33,26.0,1826.0,37338.285594133034,1800.0,20.743491996740573,0.0,0.0,0.0,6.823863861111111,kWh
vehicle,fvdm,CADC_highway,B,34,34,27.0,1827.0,37332.21500544034,1800.0,20.740119447466856,0.0,0.0,0.0,6.82452475,kWh
vehicle,fvdm,CADC_highway,B,35,35,28.0,1828.0,37326.29507457157,1800.0,20.736830596984205,0.0,0.0,0.0,6.820666166666666,kWh
vehicle,fvdm,CADC_highway,B,36,36,29.0,1829.0,37320.51971779121,1800.0,20.73362206543956,0.0,0.0,0.0,6.822054944444444,kWh
vehicle,fvdm,CADC_highway,B,37,37,29.0,1829.0,37293.195440096235,1800.0,20.718441911164575,0.0,0.0,0.0,6.825008722222222,kWh
vehicle,fvdm,CADC_highway,B,38,38,30.0,1830.0,37287.695138172276,1800.0,20.715386187873488,0.0,0.0,0.0,6.824803833333334,kWh
vehicle,fvdm,CADC_highway,B,39,39,31.0,1831.0,37282.32372139855,1800.0,20.712402067443637,0.0,0.0,0.0,6.825161888888889,kWh
vehicle,fvdm,CADC_highway,B,40,40,32.0,1832.0,37277.07666656504,1800.0,20.709487036980576,0.0,0.0,0.0,6.832438944444444,kWh
vehicle,fvdm,CADC_highway,B,41,41,32.0,1832.0,37250.271220493174,1800.0,20.694595122496207,0.0,0.0,0.0,6.824736805555555,kWh
vehicle,fvdm,CADC_highway,B,42,42,33.0,1833.0,37245.26282526393,1800.0,20.691812680702185,0.0,0.0,0.0,6.822471083333333,kWh
vehicle,fvdm,CADC_highway,B,43,43,34.0,1834.0,37240.36688964361,1800.0,20.68909271646867,0.0,0.0,0.0,6.823609916666666,kWh
vehicle,fvdm,CADC_highway,B,44,44,35.0,1835.0,37235.57991847534,1800.0,20.686433288041858,0.0,0.0,0.0,6.81775725,kWh
vehicle,fvdm,CADC_highway,B,45,45,36.0,1836.0,37230.89861876194,1800.0,20.683832565978854,0.0,0.0,0.0,6.815396805555555,kWh
vehicle,fvdm,CADC_highway,B,46,46,36.0,1836.0,37204.65298202508,1800.0,20.6692516566806,0.0,0.0,0.0,6.812160055555555,kWh
vehicle,fvdm,CADC_highway,B,47,47,37.0,1837.0,37200.17620594035,1800.0,20.66676455885575,0.0,0.0,0.0,6.810272888888889,kWh
vehicle,fvdm,CADC_highway,B,48,48,38.0,1838.0,37195.79627846191,1800.0,20.664331265812173,0.0,0.0,0.0,6.808877027777777,kWh
vehicle,fvdm,CADC_highway,B,49,49,39.0,1839.0,37191.5105643708,1800.0,20.661950313539332,0.0,0.0,0.0,6.810383444444445,kWh
vehicle,fvdm,CADC_highway,B,50,50,40.0,1840.0,37187.316562100146,1800.0,20.65962031227786,0.0,0.0,0.0,6.809983861111111,kWh
vehicle,fvdm,CADC_highway,B,51,51,40.0,1840.0,37161.55653052517,1800.0,20.645309183625095,0.0,0.0,0.0,6.803728805555555,kWh
vehicle,fvdm,CADC_highway,B,52,52,41.0,1841.0,37157.54124961677,1800.0,20.643078472009318,0.0,0.0,0.0,6.799221305555555,kWh
vehicle,fvdm,CADC_highway,B,53,53,42.0,1842.0,37153.61088744506,1800.0,20.640894937469476,0.0,0.0,0.0,6.797978638888889,kWh
vehicle,fvdm,CADC_highway,B,54,54,43.0,1843.0,37149.76338870903,1800.0,20.63875743817168,0.0,0.0,0.0,6.7970481666666664,kWh
vehicle,fvdm,CADC_highway,B,55,55,43.0,1843.0,37124.350584674925,1800.0,20.624639213708292,0.0,0.0,0.0,6.791584861111112,kWh
vehicle,fvdm,CADC_highway,B,56,56,44.0,1844.0,37120.66530836358,1800.0,20.62259183797977,0.0,0.0,0.0,6.792098194444445,kWh
vehicle,fvdm,CADC_highway,B,57,57,45.0,1845.0,37117.05726487014,1800.0,20.620587369372302,0.0,0.0,0.0,6.792150611111111,kWh
vehicle,fvdm,CADC_highway,B,58,58,46.0,1846.0,37113.52473658666,1800.0,20.618624853659256,0.0,0.0,0.0,6.79069886111111,kWh
vehicle,fvdm,CADC_highway,B,59,59,47.0,1847.0,37110.06607720827,1800.0,20.616703376226816,0.0,0.0,0.0,6.79150688888889,kWh
vehicle,fvdm,CADC_highway,B,60,60,47.0,1847.0,37085.04489162339,1800.0,20.602802717568547,0.0,0.0,0.0,6.785060916666667,kWh
vehicle,fvdm,CADC_highway,B,61,61,48.0,1848.0,37081.73157444124,1800.0,20.60096198580069,0.0,0.0,0.0,6.779747416666666,kWh
vehicle,fvdm,CADC_highway,B,62,62,49.0,1849.0,37078.487575532265,1800.0,20.59915976418459,0.0,0.0,0.0,6.780472,kWh
vehicle,fvdm,CADC_highway,B,63,63,50.0,1850.0,37075.31149461498,1800.0,20.5973952747861,0.0,0.0,0.0,6.7793988333333335,kWh
vehicle,fvdm,CADC_highway,B,64,64,51.0,1851.0,37072.20198413066,1800.0,20.59566776896148,0.0,0.0,0.0,6.77731225,kWh
vehicle,fvdm,CADC_highway,B,65,65,51.0,1851.0,37047.534244938164,1800.0,20.58196346941009,0.0,0.0,0.0,6.77793725,kWh
vehicle,fvdm,CADC_highway,B,66,66,52.0,1852.0,37044.55629247388,1800.0,20.580309051374375,0.0,0.0,0.0,6.776871333333333,kWh
vehicle,fvdm,CADC_highway,B,67,67,53.0,1853.0,37041.64115804973,1800.0,20.57868953224985,0.0,0.0,0.0,6.7735260833333335,kWh
vehicle,fvdm,CADC_highway,B,68,68,54.0,1854.0,37038.787678646964,1800.0,20.57710426591498,0.0,0.0,0.0,6.774646138888889,kWh
vehicle,fvdm,CADC_highway,B,69,69,55.0,1855.0,37035.99473127074,1800.0,20.57555262848374,0.0,0.0,0.0,6.769915055555556,kWh
vehicle,fvdm,CADC_highway,B,70,70,55.0,1855.0,37011.64897180778,1800.0,20.56202720655988,0.0,0.0,0.0,6.7640456944444445,kWh
vehicle,fvdm,CADC_highway,B,71,71,56.0,1856.0,37008.976117464335,1800.0,20.560542287480185,0.0,0.0,0.0,6.765716277777778,kWh
vehicle,fvdm,CADC_highway,B,72,72,57.0,1857.0,37006.36064873955,1800.0,20.559089249299753,0.0,0.0,0.0,6.762384638888889,kWh
vehicle,fvdm,CADC_highway,B,73,73,58.0,1858.0,37003.801584487526,1800.0,20.557667546937516,0.0,0.0,0.0,6.7631534166666665,kWh
vehicle,fvdm,CADC_highway,B,74,74,59.0,1859.0,37001.297974631,1800.0,20.556276652572777,0.0,0.0,0.0,6.768187416666667,kWh
vehicle,fvdm,CADC_highway,B,75,75,59.0,1859.0,36977.24781331768,1800.0,20.542915451843154,0.0,0.0,0.0,6.760946583333333,kWh
vehicle,fvdm,CADC_highway,B,76,76,60.0,1860.0,36974.854612166215,1800.0,20.5415858956479,0.0,0.0,0.0,6.759865333333334,kWh
vehicle,fvdm,CADC_highway,B,77,77,61.0,1861.0,36972.51418955745,1800.0,20.540285660865248,0.0,0.0,0.0,6.75999025,kWh
vehicle,fvdm,CADC_highway,B,78,78,62.0,1862.0,36970.22570674695,1800.0,20.539014281526082,0.0,0.0,0.0,6.753371722222223,kWh
vehicle,fvdm,CADC_highway,B,79,79,63.0,1863.0,36967.98834957158,1800.0,20.53777130531754,0.0,0.0,0.0,6.755088499999999,kWh
vehicle,fvdm,CADC_highway,B,80,80,63.0,1863.0,36944.211350248865,1800.0,20.52456186124937,0.0,0.0,0.0,6.754362888888889,kWh
vehicle,fvdm,CADC_highway,B,81,81,64.0,1864.0,36942.07611364966,1800.0,20.523375618694256,0.0,0.0,0.0,6.748475194444444,kWh
vehicle,fvdm,CADC_highway,B,82,82,65.0,1865.0,36939.9896993761,1800.0,20.52221649965339,0.0,0.0,0.0,6.753875305555555,kWh
vehicle,fvdm,CADC_highway,B,83,83,66.0,1866.0,36937.951382232524,1800.0,20.52108410124029,0.0,0.0,0.0,6.755882055555555,kWh
vehicle,fvdm,CADC_highway,B,84,84,67.0,1867.0,36935.9604567964,1800.0,20.519978031553553,0.0,0.0,0.0,6.747527194444444,kWh
vehicle,fvdm,CADC_highway,B,85,85,67.0,1867.0,36912.43730492187,1800.0,20.506909613845483,0.0,0.0,0.0,6.747657638888889,kWh
vehicle,fvdm,CADC_highway,B,86,86,68.0,1868.0,36910.54132665427,1800.0,20.505856292585705,0.0,0.0,0.0,6.7475503888888895,kWh
vehicle,fvdm,CADC_highway,B,87,87,69.0,1869.0,36908.69073671685,1800.0,20.50482818706492,0.0,0.0,0.0,6.738860111111112,kWh
vehicle,fvdm,CADC_highway,B,88,88,70.0,1870.0,36906.88490190189,1800.0,20.503824945501048,0.0,0.0,0.0,6.742073250000001,kWh
vehicle,fvdm,CADC_highway,B,89,89,71.0,1871.0,36905.12320513697,1800.0,20.502846225076098,0.0,0.0,0.0,6.746194277777779,kWh
vehicle,fvdm,CADC_highway,B,90,90,71.0,1871.0,36881.83709807482,1800.0,20.489909498930455,0.0,0.0,0.0,6.736237833333334,kWh
vehicle,fvdm,CADC_highway,B,91,91,72.0,1872.0,36880.16407913722,1800.0,20.48898004396512,0.0,0.0,0.0,6.7406226388888895,kWh
vehicle,fvdm,CADC_highway,B,92,92,73.0,1873.0,36878.533439898354,1800.0,20.488074133276864,0.0,0.0,0.0,6.744086194444444,kWh
vehicle,fvdm,CADC_highway,B,93,93,74.0,1874.0,36876.94462270923,1800.0,20.487191457060682,0.0,0.0,0.0,6.735024888888889,kWh
vehicle,fvdm,CADC_highway,B,94,94,75.0,1875.0,36875.39708325446,1800.0,20.486331712919142,0.0,0.0,0.0,6.735484277777778,kWh
vehicle,fvdm,CADC_highway,B,95,95,75.0,1875.0,36852.333269607654,1800.0,20.473518483115363,0.0,0.0,0.0,6.735936027777778,kWh
vehicle,fvdm,CADC_highway,B,96,96,76.0,1876.0,36850.86888198177,1800.0,20.472704934434315,0.0,0.0,0.0,6.728076833333334,kWh
vehicle,fvdm,CADC_highway,B,97,97,77.0,1877.0,36849.44421648877,1800.0,20.471913453604873,0.0,0.0,0.0,6.730731638888889,kWh
vehicle,fvdm,CADC_highway,B,98,98,78.0,1878.0,36848.058778302526,1800.0,20.471143765723625,0.0,0.0,0.0,6.735832111111112,kWh
vehicle,fvdm,CADC_highway,B,99,99,79.0,1879.0,36846.71208373779,1800.0,20.47039560207655,0.0,0.0,0.0,6.730671888888889,kWh
vehicle,fvdm,CADC_highway,B,100,100,79.0,1879.0,36823.85750888993,1800.0,20.45769861604996,0.0,0.0,0.0,6.727813861111112,kWh
vehicle,fvdm,CADC_highway,B,101,101,80.0,1880.0,36822.589058755846,1800.0,20.456993921531026,0.0,0.0,0.0,6.732248555555556,kWh
vehicle,fvdm,CADC_highway,B,102,102,81.0,1881.0,36821.35796631368,1800.0,20.456309981285376,0.0,0.0,0.0,6.724063361111112,kWh
vehicle,fvdm,CADC_highway,B,103,103,82.0,1882.0,36820.16378953446,1800.0,20.455646549741367,0.0,0.0,0.0,6.720112305555556,kWh
vehicle,fvdm,CADC_highway,B,104,104,83.0,1883.0,36819.00609578996,1800.0,20.45500338654998,0.0,0.0,0.0,6.727290861111111,kWh
vehicle,fvdm,CADC_highway,B,105,105,83.0,1883.0,36796.34912472572,1800.0,20.44241618040318,0.0,0.0,0.0,6.722388861111112,kWh
vehicle,fvdm,CADC_highway,B,106,106,84.0,1884.0,36795.265288313385,1800.0,20.44181404906299,0.0,0.0,0.0,6.715958166666667,kWh
vehicle,fvdm,CADC_highway,B,107,107,85.0,1885.0,36794.21669242173,1800.0,20.44123149578985,0.0,0.0,0.0,6.725551944444445,kWh
vehicle,fvdm,CADC_highway,B,108,108,86.0,1886.0,36793.2029398181,1800.0,20.44066829989894,0.0,0.0,0.0,6.725197583333334,kWh
vehicle,fvdm,CADC_highway,B,109,109,87.0,1887.0,36792.22364127091,1800.0,20.440124245150507,0.0,0.0,0.0,6.714887888888889,kWh
vehicle,fvdm,CADC_highway,B,110,110,87.0,1887.0,36769.75383866486,1800.0,20.42764102148048,0.0,0.0,0.0,6.718047416666668,kWh
vehicle,fvdm,CADC_highway,B,111,111,88.0,1888.0,36768.84445212064,1800.0,20.427135806733688,0.0,0.0,0.0,6.7189056944444445,kWh
vehicle,fvdm,CADC_highway,B,112,112,89.0,1889.0,36767.968399421865,1800.0,20.426649110789924,0.0,0.0,0.0,6.7109598888888895,kWh
vehicle,fvdm,CADC_highway,B,113,113,90.0,1890.0,36767.12532166646,1800.0,20.426180734259145,0.0,0.0,0.0,6.714499861111111,kWh
vehicle,fvdm,CADC_highway,B,114,114,91.0,1891.0,36766.31486681509,1800.0,20.42573048156394,0.0,0.0,0.0,6.72088875,kWh
vehicle,fvdm,CADC_highway,B,115,115,91.0,1891.0,36744.0228202675,1800.0,20.413346011259723,0.0,0.0,0.0,6.709673083333334,kWh
vehicle,fvdm,CADC_highway,B,116,116,92.0,1892.0,36743.27871033783,1800.0,20.41293261685435,0.0,0.0,0.0,6.714449972222223,kWh
vehicle,fvdm,CADC_highway,B,117,117,93.0,1893.0,36742.56620822357,1800.0,20.41253678234643,0.0,0.0,0.0,6.721368333333334,kWh
vehicle,fvdm,CADC_highway,B,118,118,94.0,1894.0,36741.88498806731,1800.0,20.41215832670406,0.0,0.0,0.0,6.707041666666667,kWh
vehicle,fvdm,CADC_highway,B,119,119,95.0,1895.0,36741.23472993792,1800.0,20.41179707218773,0.0,0.0,0.0,6.708592,kWh
vehicle,fvdm,CADC_highway,B,120,120,95.0,1895.0,36719.11190616934,1800.0,20.39950661453852,0.0,0.0,0.0,6.7147375,kWh
vehicle,fvdm,CADC_highway,B,121,121,96.0,1896.0,36718.52475214732,1800.0,20.399180417859622,0.0,0.0,0.0,6.702065555555556,kWh
vehicle,fvdm,CADC_highway,B,122,122,97.0,1897.0,36717.96763604572,1800.0,20.39887090891429,0.0,0.0,0.0,6.704719027777779,kWh
vehicle,fvdm,CADC_highway,B,123,123,98.0,1898.0,36717.44026068174,1800.0,20.398577922600964,0.0,0.0,0.0,6.716383694444445,kWh
vehicle,fvdm,CADC_highway,B,124,124,99.0,1899.0,36716.942334019346,1800.0,20.398301296677413,0.0,0.0,0.0,6.706080277777778,kWh
vehicle,fvdm,CADC_highway,B,125,125,99.0,1899.0,36694.980960521265,1800.0,20.386100533622926,0.0,0.0,0.0,6.701355666666667,kWh
vehicle,fvdm,CADC_highway,B,126,126,100.0,1900.0,36694.54318039258,1800.0,20.385857322440323,0.0,0.0,0.0,6.712167666666668,kWh
vehicle,fvdm,CADC_highway,B,127,127,101.0,1901.0,36694.13400406772,1800.0,20.38563000225984,0.0,0.0,0.0,6.6999562500000005,kWh
vehicle,fvdm,CADC_highway,B,128,128,102.0,1902.0,36693.75315938174,1800.0,20.385418421878743,0.0,0.0,0.0,6.697612944444446,kWh
vehicle,fvdm,CADC_highway,B,129,129,103.0,1903.0,36693.40037865963,1800.0,20.385222432588684,0.0,0.0,0.0,6.707706833333333,kWh
vehicle,fvdm,CADC_highway,B,130,130,104.0,1904.0,36693.07539856955,1800.0,20.385041888094193,0.0,0.0,0.0,6.701001916666668,kWh
vehicle,fvdm,CADC_highway,B,131,131,104.0,1904.0,36671.29800055623,1800.0,20.37294333364235,0.0,0.0,0.0,6.69485,kWh
vehicle,fvdm,CADC_highway,B,132,132,105.0,1905.0,36671.029944317444,1800.0,20.37279441350969,0.0,0.0,0.0,6.706495583333334,kWh
vehicle,fvdm,CADC_highway,B,133,133,106.0,1906.0,36670.78892616642,1800.0,20.3726605145369,0.0,0.0,0.0,6.702261305555556,kWh
vehicle,fvdm,CADC_highway,B,134,134,107.0,1907.0,36670.57469977743,1800.0,20.372541499876352,0.0,0.0,0.0,6.693963055555557,kWh
vehicle,fvdm,CADC_highway,B,135,135,108.0,1908.0,36670.38702262015,1800.0,20.372437234788972,0.0,0.0,0.0,6.700231583333334,kWh
vehicle,fvdm,CADC_highway,B,136,136,108.0,1908.0,36648.75619076103,1800.0,20.36042010597835,0.0,0.0,0.0,6.696885777777778,kWh
vehicle,fvdm,CADC_highway,B,137,137,109.0,1909.0,36648.62298348743,1800.0,20.360346101937463,0.0,0.0,0.0,6.687389277777779,kWh
vehicle,fvdm,CADC_highway,B,138,138,110.0,1910.0,36648.51562205249,1800.0,20.360286456695828,0.0,0.0,0.0,6.694692833333334,kWh
vehicle,fvdm,CADC_highway,B,139,139,111.0,1911.0,36648.43387885169,1800.0,20.360241043806496,0.0,0.0,0.0,6.697882222222223,kWh
vehicle,fvdm,CADC_highway,B,140,140,112.0,1912.0,36648.37752958823,1800.0,20.360209738660128,0.0,0.0,0.0,6.690332055555556,kWh
vehicle,fvdm,CADC_highway,B,141,141,112.0,1912.0,36626.88733347742,1800.0,20.348270740820787,0.0,0.0,0.0,6.693431611111112,kWh
vehicle,fvdm,CADC_highway,B,142,142,113.0,1913.0,36626.88318486473,1800.0,20.348268436035962,0.0,0.0,0.0,6.698608694444445,kWh
vehicle,fvdm,CADC_highway,B,143,143,114.0,1914.0,36626.90377852465,1800.0,20.348279876958138,0.0,0.0,0.0,6.685728361111112,kWh
vehicle,fvdm,CADC_highway,B,144,144,115.0,1915.0,36626.948903183045,1800.0,20.348304946212803,0.0,0.0,0.0,6.689458611111112,kWh
vehicle,fvdm,CADC_highway,B,145,145,116.0,1916.0,36627.01835041333,1800.0,20.348343528007405,0.0,0.0,0.0,6.694337750000001,kWh
vehicle,fvdm,CADC_highway,B,146,146,116.0,1916.0,36605.66329099186,1800.0,20.33647960610659,0.0,0.0,0.0,6.683129805555557,kWh
vehicle,fvdm,CADC_highway,B,147,147,117.0,1917.0,36605.782830342054,1800.0,20.336546016856698,0.0,0.0,0.0,6.687271472222223,kWh
vehicle,fvdm,CADC_highway,B,148,148,118.0,1918.0,36605.92608527921,1800.0,20.33662560293289,0.0,0.0,0.0,6.692862250000001,kWh
vehicle,fvdm,CADC_highway,B,149,149,119.0,1919.0,36606.09285851375,1800.0,20.336718254729863,0.0,0.0,0.0,6.689948222222222,kWh
vehicle,fvdm,CADC_highway,B,150,150,120.0,1920.0,36606.28295512198,1800.0,20.336823863956653,0.0,0.0,0.0,6.688725861111111,kWh
vehicle,fvdm,CADC_highway,B,151,151,120.0,1920.0,36585.05790450684,1800.0,20.325032169170466,0.0,0.0,0.0,6.687036111111112,kWh
vehicle,fvdm,CADC_highway,B,152,152,121.0,1921.0,36585.29612136281,1800.0,20.325164511868227,0.0,0.0,0.0,6.684101194444445,kWh
vehicle,fvdm,CADC_highway,B,153,153,122.0,1922.0,36585.55709183752,1800.0,20.32530949546529,0.0,0.0,0.0,6.682388027777779,kWh
vehicle,fvdm,CADC_highway,B,154,154,123.0,1923.0,36585.840630012586,1800.0,20.32546701667366,0.0,0.0,0.0,6.6830005833333335,kWh
vehicle,fvdm,CADC_highway,B,155,155,124.0,1924.0,36586.14655174603,1800.0,20.32563697319224,0.0,0.0,0.0,6.685848750000001,kWh
vehicle,fvdm,CADC_highway,B,156,156,124.0,1924.0,36565.04668843328,1800.0,20.313914826907375,0.0,0.0,0.0,6.682260194444446,kWh
vehicle,fvdm,CADC_highway,B,157,157,125.0,1925.0,36565.39886758944,1800.0,20.314110481994135,0.0,0.0,0.0,6.68298213888889,kWh
vehicle,fvdm,CADC_highway,B,158,158,126.0,1926.0,36565.77288853078,1800.0,20.314318271405988,0.0,0.0,0.0,6.685880083333334,kWh
vehicle,fvdm,CADC_highway,B,159,159,127.0,1927.0,36566.16857324159,1800.0,20.31453809624533,0.0,0.0,0.0,6.682473638888889,kWh
vehicle,fvdm,CADC_highway,B,160,160,128.0,1928.0,36566.58574461232,1800.0,20.314769858117955,0.0,0.0,0.0,6.680258916666668,kWh
vehicle,fvdm,CADC_highway,B,161,161,128.0,1928.0,36545.606470976076,1800.0,20.30311470609782,0.0,0.0,0.0,6.678970777777779,kWh
vehicle,fvdm,CADC_highway,B,162,162,129.0,1929.0,36546.068107978965,1800.0,20.303371171099425,0.0,0.0,0.0,6.678187750000001,kWh
vehicle,fvdm,CADC_highway,B,163,163,130.0,1930.0,36546.55070401619,1800.0,20.303639280008994,0.0,0.0,0.0,6.677964444444445,kWh
vehicle,fvdm,CADC_highway,B,164,164,131.0,1931.0,36547.05408344611,1800.0,20.30391893524784,0.0,0.0,0.0,6.680976833333334,kWh
vehicle,fvdm,CADC_highway,B,165,165,132.0,1932.0,36547.578070019576,1800.0,20.304210038899765,0.0,0.0,0.0,6.68302963888889,kWh
vehicle,fvdm,CADC_highway,B,166,166,132.0,1932.0,36526.71488573123,1800.0,20.292619380961792,0.0,0.0,0.0,6.6777358611111115,kWh
vehicle,fvdm,CADC_highway,B,167,167,133.0,1933.0,36527.281554631205,1800.0,20.292934197017335,0.0,0.0,0.0,6.678462944444446,kWh
vehicle,fvdm,CADC_highway,B,168,168,134.0,1934.0,36527.868292884246,1800.0,20.29326016271347,0.0,0.0,0.0,6.677440250000001,kWh
vehicle,fvdm,CADC_highway,B,169,169,135.0,1935.0,36528.474917055915,1800.0,20.293597176142175,0.0,0.0,0.0,6.673978444444446,kWh
vehicle,fvdm,CADC_highway,B,170,170,136.0,1936.0,36529.1012401589,1800.0,20.293945133421612,0.0,0.0,0.0,6.673662833333335,kWh
vehicle,fvdm,CADC_highway,B,171,171,136.0,1936.0,36508.34951547392,1800.0,20.282416397485513,0.0,0.0,0.0,6.673406250000001,kWh
vehicle,fvdm,CADC_highway,B,172,172,137.0,1937.0,36509.01662852899,1800.0,20.28278701584944,0.0,0.0,0.0,6.672531583333335,kWh
vehicle,fvdm,CADC_highway,B,173,173,138.0,1938.0,36509.702844927044,1800.0,20.283168247181692,0.0,0.0,0.0,6.674968722222223,kWh
vehicle,fvdm,CADC_highway,B,174,174,139.0,1939.0,36510.40795297739,1800.0,20.283559973876326,0.0,0.0,0.0,6.677562833333334,kWh
vehicle,fvdm,CADC_highway,B,175,175,140.0,1940.0,36511.131731316615,1800.0,20.283962072953674,0.0,0.0,0.0,6.675034027777778,kWh
vehicle,fvdm,CADC_highway,B,176,176,140.0,1940.0,36490.48625766935,1800.0,20.27249236537186,0.0,0.0,0.0,6.668417916666668,kWh
vehicle,fvdm,CADC_highway,B,177,177,141.0,1941.0,36491.248584903755,1800.0,20.272915880502087,0.0,0.0,0.0,6.67011888888889,kWh
vehicle,fvdm,CADC_highway,B,178,178,142.0,1942.0,36492.02882970648,1800.0,20.273349349836934,0.0,0.0,0.0,6.670732472222223,kWh
vehicle,fvdm,CADC_highway,B,179,179,143.0,1943.0,36492.826708860295,1800.0,20.273792616033496,0.0,0.0,0.0,6.668651333333335,kWh
vehicle,fvdm,CADC_highway,B,180,180,144.0,1944.0,36493.6419163461,1800.0,20.27424550908117,0.0,0.0,0.0,6.6700968888888905,kWh
vehicle,fvdm,CADC_highway,B,181,181,145.0,1945.0,36494.4741193255,1800.0,20.274707844069724,0.0,0.0,0.0,6.674066027777779,kWh
vehicle,fvdm,CADC_highway,B,182,182,145.0,1945.0,36473.946620016846,1800.0,20.263303677787135,0.0,0.0,0.0,6.669687055555556,kWh
vehicle,fvdm,CADC_highway,B,183,183,146.0,1946.0,36474.813482009944,1800.0,20.2637852677833,0.0,0.0,0.0,6.669035027777779,kWh
vehicle,fvdm,CADC_highway,B,184,184,147.0,1947.0,36475.696101171045,1800.0,20.26427561176169,0.0,0.0,0.0,6.671665972222224,kWh
vehicle,fvdm,CADC_highway,B,185,185,148.0,1948.0,36476.59397848933,1800.0,20.26477443249407,0.0,0.0,0.0,6.666125972222224,kWh
vehicle,fvdm,CADC_highway,B,186,186,149.0,1949.0,36477.50655541836,1800.0,20.265281419676867,0.0,0.0,0.0,6.668761472222223,kWh
vehicle,fvdm,CADC_highway,B,187,187,149.0,1949.0,36457.06553334031,1800.0,20.253925296300174,0.0,0.0,0.0,6.667701666666668,kWh
vehicle,fvdm,CADC_highway,B,188,188,150.0,1950.0,36458.007110354134,1800.0,20.254448394641187,0.0,0.0,0.0,6.666030027777779,kWh
vehicle,fvdm,CADC_highway,B,189,189,151.0,1951.0,36458.961183830455,1800.0,20.254978435461364,0.0,0.0,0.0,6.6684128888888905,kWh
vehicle,fvdm,CADC_highway,B,190,190,152.0,1952.0,36459.92683409126,1800.0,20.255514907828477,0.0,0.0,0.0,6.671287083333335,kWh
vehicle,fvdm,CADC_highway,B,191,191,153.0,1953.0,36460.90301566552,1800.0,20.25605723092529,0.0,0.0,0.0,6.669716083333334,kWh
vehicle,fvdm,CADC_highway,B,192,192,153.0,1953.0,36440.52790361471,1800.0,20.244737724230394,0.0,0.0,0.0,6.666071416666668,kWh
vehicle,fvdm,CADC_highway,B,193,193,154.0,1954.0,36441.52248867454,1800.0,20.245290271485857,0.0,0.0,0.0,6.664714333333334,kWh
vehicle,fvdm,CADC_highway,B,194,194,155.0,1955.0,36442.52337851342,1800.0,20.245846321396343,0.0,0.0,0.0,6.662836277777779,kWh
vehicle,fvdm,CADC_highway,B,195,195,156.0,1956.0,36443.528800775595,1800.0,20.246404889319773,0.0,0.0,0.0,6.6637465,kWh
vehicle,fvdm,CADC_highway,B,196,196,157.0,1957.0,36444.536745627025,1800.0,20.24696485868168,0.0,0.0,0.0,6.666718805555557,kWh
vehicle,fvdm,CADC_highway,B,197,197,157.0,1957.0,36424.187944274294,1800.0,20.235659969041276,0.0,0.0,0.0,6.661404888888891,kWh
vehicle,fvdm,CADC_highway,B,198,198,158.0,1958.0,36425.19391271556,1800.0,20.23621884039753,0.0,0.0,0.0,6.66645563888889,kWh
vehicle,fvdm,CADC_highway,B,199,199,159.0,1959.0,36426.194432629825,1800.0,20.236774684794348,0.0,0.0,0.0,6.668268194444446,kWh
vehicle,fvdm,CADC_highway,B,200,200,160.0,1960.0,36427.18628514163,1800.0,20.23732571396757,0.0,0.0,0.0,6.662427444444446,kWh
fleet_total,fvdm,CADC_highway,B,1-200,,,,7446106.978764228,361800.0,20.580726862256018,0.0,0.0,0.0,1369.9054460833336,kWh
