vehicle,co2_g,nox_g,pm_g,fc_g
0,878.8759223333334,0.17424133333331607,0.007141055555555555,283.1233795833333
1,869.2282798333333,0.17231549999998336,0.007137166666666667,280.01546294444444
2,861.9101794999999,0.17058108333331595,0.007083638888888888,277.657991
3,860.8696969722222,0.17071324999998366,0.007173694444444444,277.32280736111113
4,855.9269331388889,0.1697319722222042,0.007149083333333333,275.7305322777778
5,854.9486141944444,0.16963033333331665,0.0071905833333333335,275.41537427777774
6,854.0368973055555,0.16948313888887104,0.00720375,275.1216714722222
7,853.4764995833333,0.16947083333331625,0.007234444444444444,274.9411432222222
8,853.2956518333333,0.16938036111109345,0.007244916666666667,274.88288475
9,850.8105673333333,0.16868461111109426,0.007206638888888889,274.0823328888889
10,848.6711310000001,0.1680733333333158,0.007169083333333333,273.39312913888887
11,846.2950353333333,0.1674960555555381,0.007133861111111112,272.6276877222222
12,845.7887221944444,0.1674240833333163,0.007146027777777778,272.4645827222222
13,840.7155607499999,0.16643991666665106,0.007095333333333334,270.83030105555554
14,836.4058895555556,0.16550969444442815,0.007052777777777778,269.4419728611111
15,831.9156988611111,0.1646317499999833,0.007014611111111111,267.99549047222223
16,828.9499805,0.16417713888887175,0.007023194444444445,267.0401064722222
17,821.9384486944444,0.16275988888887327,0.006952083333333334,264.78139327777774
18,817.6494703333333,0.16201480555553877,0.006944388888888889,263.39973063888885
19,813.7135242777778,0.16125474999998327,0.006935555555555555,262.1317949722222
