Vehicletype: ,PC_EU6ab_G
Time, Speed, Gradient, Accelaration, Engine power raw, P_pos, P_norm_rated, P_norm_drive,FC,Engine Power,CO2,NOx,CO,HC,PM,PN
[s], [m/s], [%], [m/s^2], [kW], [kW], [-], [-],[g/h],[kWh/h],[g/h],[g/h],[g/h],[g/h],[g/h],[#/h]
0.0000,0.0000,0.0000,0.0000,1.4865,1.4865,0.0150,0.0628,143.3216,0.0000,444.9012,0.1263,0.4141,0.0222,0.0059,4248217437511.0400,
1.0000,0.0000,0.0000,0.0000,1.4865,1.4865,0.0150,0.0628,143.3216,0.0000,444.9012,0.1263,0.4141,0.0222,0.0059,4248217437511.0400,
2.0000,0.0000,0.0000,0.0000,1.4865,1.4865,0.0150,0.0628,143.3216,0.0000,444.9012,0.1263,0.4141,0.0222,0.0059,4248217437511.0400,
3.0000,0.0000,0.0000,0.0000,1.4865,1.4865,0.0150,0.0628,143.3216,0.0000,444.9012,0.1263,0.4141,0.0222,0.0059,4248217437511.0400,
4.0000,0.0000,0.0000,0.0000,1.4865,1.4865,0.0150,0.0628,143.3216,0.0000,444.9012,0.1263,0.4141,0.0222,0.0059,4248217437511.0400,
5.0000,0.0000,0.0000,0.0000,1.4865,1.4865,0.0150,0.0628,143.3216,0.0000,444.9012,0.1263,0.4141,0.0222,0.0059,4248217437511.0400,
6.0000,0.0000,0.0000,0.0000,1.4865,1.4865,0.0150,0.0628,143.3216,0.0000,444.9012,0.1263,0.4141,0.0222,0.0059,4248217437511.0400,
7.0000,0.0000,0.0000,0.0000,1.4865,1.4865,0.0150,0.0628,143.3216,0.0000,444.9012,0.1263,0.4141,0.0222,0.0059,4248217437511.0400,
8.0000,0.0000,0.0000,0.0000,1.4865,1.4865,0.0150,0.0628,143.3216,0.0000,444.9012,0.1263,0.4141,0.0222,0.0059,4248217437511.0400,
9.0000,0.0000,0.0000,0.0000,1.4865,1.4865,0.0150,0.0628,143.3216,0.0000,444.9012,0.1263,0.4141,0.0222,0.0059,4248217437511.0400,
10.0000,0.0000,0.0000,0.0000,1.4865,1.4865,0.0150,0.0628,143.3216,0.0000,444.9012,0.1263,0.4141,0.0222,0.0059,4248217437511.0400,
11.0000,0.0000,0.0000,0.0000,1.4865,1.4865,0.0150,0.0628,143.3216,0.0000,444.9012,0.1263,0.4141,0.0222,0.0059,4248217437511.0400,
12.0000,0.0000,0.0000,0.0000,1.4865,1.4865,0.0150,0.0628,143.3216,0.0000,444.9012,0.1263,0.4141,0.0222,0.0059,4248217437511.0400,
13.0000,0.0000,0.0000,0.0000,1.4865,1.4865,0.0150,0.0628,143.3216,0.0000,444.9012,0.1263,0.4141,0.0222,0.0059,4248217437511.0400,
14.0000,0.0000,0.0000,0.0000,1.4865,1.4865,0.0150,0.0628,143.3216,0.0000,444.9012,0.1263,0.4141,0.0222,0.0059,4248217437511.0400,
15.0000,0.0000,0.0000,0.0000,1.4865,1.4865,0.0150,0.0628,143.3216,0.0000,444.9012,0.1263,0.4141,0.0222,0.0059,4248217437511.0400,
16.0000,0.0000,0.0000,0.0000,1.4865,1.4865,0.0150,0.0628,143.3216,0.0000,444.9012,0.1263,0.4141,0.0222,0.0059,4248217437511.0400,
17.0000,0.0000,0.0000,0.0000,1.4865,1.4865,0.0150,0.0628,143.3216,0.0000,444.9012,0.1263,0.4141,0.0222,0.0059,4248217437511.0400,
18.0000,0.0000,0.0000,0.0003,1.4865,1.4865,0.0150,0.0628,143.3216,0.0000,444.9012,0.1263,0.4141,0.0222,0.0059,4248217437511.0400,
19.0000,0.0004,0.0000,0.0019,1.4866,1.4866,0.0150,0.0628,143.3216,0.0000,444.9012,0.1263,0.4141,0.0222,0.0059,4248217437511.0400,
20.0000,0.0023,0.0000,0.0077,1.4869,1.4869,0.0150,0.0628,143.3216,0.0000,444.9012,0.1263,0.4141,0.0222,0.0059,4248217437511.0400,
21.0000,0.0100,0.0000,0.0233,1.4887,1.4887,0.0150,0.0629,143.3216,0.0000,444.9012,0.1263,0.4141,0.0222,0.0059,4248217437511.0400,
22.0000,0.0333,0.0000,0.0561,1.4974,1.4974,0.0151,0.0632,143.3216,0.0000,444.9012,0.1263,0.4141,0.0222,0.0059,4248217437511.0400,
23.0000,0.0893,0.0000,0.1109,1.5317,1.5317,0.0155,0.0647,143.3216,0.0000,444.9012,0.1263,0.4141,0.0222,0.0059,4248217437511.0400,
24.0000,0.2002,0.0000,0.1866,1.6369,1.6369,0.0165,0.0691,143.3216,0.0000,444.9012,0.1263,0.4141,0.0222,0.0059,4248217437511.0400,
25.0000,0.3868,0.0000,0.2754,1.8884,1.8884,0.0191,0.0797,143.3216,0.0000,444.9012,0.1263,0.4141,0.0222,0.0059,4248217437511.0400,
26.0000,0.6622,0.0000,0.3675,2.3723,2.3723,0.0239,0.1002,1504.4183,0.0000,4670.0383,0.9356,9.2775,0.1163,0.0604,54154877080744.6000,
27.0000,1.0297,0.0000,0.4545,3.1547,3.1547,0.0318,0.1332,1690.8514,0.0000,5248.7667,1.0272,10.9202,0.1282,0.0614,55201747797944.8000,
28.0000,1.4842,0.0000,0.5319,4.2645,4.2645,0.0430,0.1801,1955.2726,0.0000,6069.5870,1.1571,13.2501,0.1451,0.0628,56686542230791.4000,
29.0000,2.0161,0.0000,0.5979,5.6941,5.6941,0.0575,0.2404,2295.8856,0.0000,7126.9231,1.3245,16.2514,0.1669,0.0647,58599173649092.4000,
30.0000,2.6141,0.0000,0.6528,7.4114,7.4114,0.0748,0.3130,2705.0503,0.0000,8397.0584,1.5501,19.2569,0.1984,0.0671,60282537475089.9000,
31.0000,3.2668,0.0000,0.6974,9.0756,9.0756,0.0916,0.3832,3101.5520,0.0000,9627.8852,1.7723,22.0812,0.2297,0.0695,61823473729421.8000,
32.0000,3.9642,0.0000,0.7328,10.6734,10.6734,0.1077,0.4507,3436.9384,0.0000,10668.9968,1.9857,24.7930,0.2597,0.0717,63303023285242.6000,
33.0000,4.6971,0.0000,0.7599,12.1553,12.1553,0.1227,0.5133,3702.0358,0.0000,11491.9161,2.1949,27.2401,0.2902,0.0742,65047807531799.4000,
34.0000,5.4570,0.0000,0.7785,13.4366,13.4366,0.1356,0.5674,3931.2585,0.0000,12203.4727,2.4117,29.1383,0.3249,0.0775,67752662298659.9000,
35.0000,6.2355,0.0000,0.7871,14.4239,14.4239,0.1455,0.6091,4107.8872,0.0000,12751.7662,2.5787,30.6010,0.3516,0.0800,69836901692845.3000,
36.0000,7.0226,0.0000,0.7809,14.9890,14.9890,0.1513,0.6329,4208.9864,0.0000,13065.5999,2.6744,31.4383,0.3669,0.0815,71029884278920.9000,
37.0000,7.8035,0.0000,0.7490,15.2095,15.2095,0.1535,0.6423,4248.4351,0.0000,13188.0570,2.7117,31.7650,0.3729,0.0821,71495383150137.6000,
38.0000,8.5525,0.0000,0.6704,14.9709,14.9709,0.1511,0.6322,4205.7403,0.0000,13055.5232,2.6713,31.4114,0.3664,0.0815,70991579803529.9000,
39.0000,9.2229,0.0000,0.5136,12.9542,12.9542,0.1307,0.5470,3844.9546,0.0000,11935.5669,2.3300,28.4236,0.3118,0.0763,66734266556876.2000,
40.0000,9.7365,0.0000,0.2549,8.4711,8.4711,0.0855,0.3577,2957.5382,0.0000,9180.8353,1.6916,21.0554,0.2183,0.0686,61263788655098.2000,
41.0000,9.9915,0.0000,-0.0809,1.9599,1.9599,0.0198,0.0828,1406.1622,0.0000,4365.0301,0.8873,8.4117,0.1100,0.0598,53603143067982.0000,
42.0000,9.9106,0.0000,-0.4100,-4.5732,0.0000,-0.0461,-0.1931,0.0000,0.0000,0.0000,0.0000,0.0000,0.0000,0.0000,0.0000,
43.0000,9.5006,0.0000,-0.6479,-9.0025,0.0000,-0.0908,-0.3801,0.0000,0.0000,0.0000,0.0000,0.0000,0.0000,0.0000,0.0000,
44.0000,8.8526,0.0000,-0.7662,-10.6683,0.0000,-0.1077,-0.4505,0.0000,0.0000,0.0000,0.0000,0.0000,0.0000,0.0000,0.0000,
45.0000,8.0864,0.0000,-0.7829,-10.1855,0.0000,-0.1028,-0.4301,0.0000,0.0000,0.0000,0.0000,0.0000,0.0000,0.0000,0.0000,
46.0000,7.3035,0.0000,-0.7287,-8.7131,0.0000,-0.0879,-0.3679,0.0000,0.0000,0.0000,0.0000,0.0000,0.0000,0.0000,0.0000,
47.0000,6.5749,0.0000,-0.6282,-7.0043,0.0000,-0.0707,-0.2958,0.0000,0.0000,0.0000,0.0000,0.0000,0.0000,0.0000,0.0000,
48.0000,5.9467,0.0000,-0.4983,-4.8496,0.0000,-0.0489,-0.2048,0.0000,0.0000,0.0000,0.0000,0.0000,0.0000,0.0000,0.0000,
49.0000,5.4484,0.0000,-0.3509,-2.5661,0.0000,-0.0259,-0.1084,0.0000,0.0000,0.0000,0.0000,0.0000,0.0000,0.0000,0.0000,
50.0000,5.0975,0.0000,-0.1960,-0.3457,0.0000,-0.0035,-0.0146,909.4747,0.0000,2823.2052,0.6660,4.6329,0.0822,0.0581,51833127411146.5000,
51.0000,4.9015,0.0000,-0.0421,1.7309,1.7309,0.0175,0.0731,1351.6110,0.0000,4195.6915,0.8605,7.9311,0.1066,0.0595,53296824003249.6000,
52.0000,4.8594,0.0000,0.1033,3.6590,3.6590,0.0369,0.1545,1811.0050,0.0000,5621.7493,1.0862,11.9789,0.1359,0.0621,55876441793272.6000,
53.0000,4.9627,0.0000,0.2350,5.4680,5.4680,0.0552,0.2309,2242.0112,0.0000,6959.6853,1.2980,15.7767,0.1634,0.0644,58296654707130.5000,
54.0000,5.1977,0.0000,0.3499,7.1848,7.1848,0.0725,0.3034,2651.0615,0.0000,8229.4655,1.5198,18.8723,0.1941,0.0668,60072719083206.7000,
55.0000,5.5476,0.0000,0.4473,8.8142,8.8142,0.0889,0.3722,3039.2881,0.0000,9434.6047,1.7374,21.6377,0.2248,0.0691,61581495722854.0000,
56.0000,5.9949,0.0000,0.5277,10.3350,10.3350,0.1043,0.4364,3376.3930,0.0000,10481.0507,1.9405,24.2186,0.2534,0.0713,62989641906144.4000,
57.0000,6.5226,0.0000,0.5922,11.7054,11.7054,0.1181,0.4943,3621.5601,0.0000,11242.1022,2.1236,26.5445,0.2792,0.0732,64258618967062.2000,
58.0000,7.1148,0.0000,0.6423,12.8721,12.8721,0.1299,0.5435,3830.2786,0.0000,11890.0093,2.3162,28.3021,0.3096,0.0760,66561087483932.5000,
59.0000,7.7571,0.0000,0.6786,13.9891,13.9891,0.1412,0.5907,4030.1051,0.0000,12510.3139,2.5052,29.9569,0.3399,0.0789,68919064394796.7000,
60.0000,8.4356,0.0000,0.7015,15.3499,15.3499,0.1549,0.6482,4273.5472,0.0000,13266.0106,2.7354,31.9729,0.3767,0.0824,71791709805871.1000,
61.0000,9.1371,0.0000,0.7106,16.5216,16.5216,0.1667,0.6977,4483.1616,0.0000,13916.6987,2.9337,33.7088,0.4084,0.0854,74265183765615.9000,
62.0000,9.8477,0.0000,0.7052,17.4214,17.4214,0.1758,0.7357,4644.1319,0.0000,14416.3852,3.0859,35.0418,0.4328,0.0878,76164652512228.2000,
63.0000,10.5528,0.0000,0.6844,17.9666,17.9666,0.1813,0.7587,4741.6693,0.0000,14719.1624,3.1742,35.8719,0.4504,0.0889,76885017897445.2000,
64.0000,11.2373,0.0000,0.6485,18.0955,18.0955,0.1826,0.7641,4764.7190,0.0000,14790.7135,3.1934,36.0767,0.4558,0.0891,76886959661313.1000,
65.0000,11.8857,0.0000,0.5990,17.7957,17.7957,0.1796,0.7515,4711.0976,0.0000,14624.2613,3.1486,35.6001,0.4434,0.0887,76882442458368.0000,
66.0000,12.4847,0.0000,0.5403,17.1288,17.1288,0.1728,0.7233,4591.7852,0.0000,14253.8896,3.0364,34.6083,0.4248,0.0870,75546954832526.2000,
67.0000,13.0250,0.0000,0.4783,16.2298,16.2298,0.1638,0.6853,4430.9485,0.0000,13754.6179,2.8843,33.2764,0.4005,0.0847,73649062777012.0000,
68.0000,13.5033,0.0000,0.4198,15.3225,15.3225,0.1546,0.6470,4268.6411,0.0000,13250.7808,2.7308,31.9323,0.3759,0.0824,71733816361853.6000,
69.0000,13.9231,0.0000,0.3702,14.5373,14.5373,0.1467,0.6139,4128.1743,0.0000,12814.7417,2.5979,30.7690,0.3547,0.0803,70076291855811.5000,
70.0000,14.2933,0.0000,0.3327,13.9555,13.9555,0.1408,0.5893,4024.0835,0.0000,12491.6215,2.4995,29.9070,0.3389,0.0788,68848008543279.6000,
71.0000,14.6261,0.0000,0.3076,13.6269,13.6269,0.1375,0.5754,3965.3036,0.0000,12309.1559,2.4439,29.4203,0.3300,0.0780,68154398156589.2000,
72.0000,14.9337,0.0000,0.2931,13.5388,13.5388,0.1366,0.5717,3949.5485,0.0000,12260.2489,2.4290,29.2898,0.3277,0.0778,67968486828527.4000,
73.0000,15.2268,0.0000,0.2861,13.6338,13.6338,0.1376,0.5757,3966.5333,0.0000,12312.9732,2.4450,29.4305,0.3302,0.0780,68168908922169.3000,
74.0000,15.5129,0.0000,0.2829,13.8256,13.8256,0.1395,0.5838,4000.8479,0.0000,12419.4932,2.4775,29.7146,0.3354,0.0785,68573825626923.0000,
75.0000,15.7958,0.0000,0.2795,14.0076,14.0076,0.1413,0.5915,4033.4160,0.0000,12520.5917,2.5083,29.9843,0.3404,0.0790,68958133443584.8000,
76.0000,16.0753,0.0000,0.2715,14.0543,14.0543,0.1418,0.5935,4041.7604,0.0000,12546.4944,2.5162,30.0534,0.3416,0.0791,69056597891776.5000,
77.0000,16.3468,0.0000,0.2543,13.8221,13.8221,0.1395,0.5837,4000.2196,0.0000,12417.5428,2.4769,29.7094,0.3353,0.0785,68566411428010.5000,
78.0000,16.6011,0.0000,0.2236,13.1612,13.1612,0.1328,0.5558,3881.9876,0.0000,12050.5254,2.3651,28.7303,0.3174,0.0768,67171260576094.0000,
79.0000,16.8247,0.0000,0.1760,11.9483,11.9483,0.1206,0.5045,3665.0163,0.0000,11376.9995,2.1598,26.9335,0.2846,0.0737,64610972622169.5000,
80.0000,17.0006,0.0000,0.1110,10.1432,10.1432,0.1024,0.4283,3342.0859,0.0000,10374.5541,1.9149,23.8931,0.2498,0.0710,62812069592411.5000,
81.0000,17.1116,0.0000,0.0323,7.8450,7.8450,0.0792,0.3313,2808.3605,0.0000,8717.7555,1.6080,19.9928,0.2065,0.0677,60684034899234.7000,
82.0000,17.1439,0.0000,-0.0521,5.3035,5.3035,0.0535,0.2240,2202.8285,0.0000,6838.0540,1.2788,15.4314,0.1609,0.0642,58076633911869.4000,
83.0000,17.0918,0.0000,-0.1321,2.8529,2.8529,0.0288,0.1205,1618.9455,0.0000,5025.5554,0.9918,10.2866,0.1236,0.0610,54797977418553.3000,
84.0000,16.9597,0.0000,-0.1985,0.7968,0.7968,0.0080,0.0336,1129.0497,0.0000,3504.8132,0.7511,5.9700,0.0923,0.0583,52047083588271.7000,
85.0000,16.7612,0.0000,-0.2459,-0.6821,0.0000,-0.0069,-0.0288,880.5421,0.0000,2733.3921,0.6740,4.9596,0.0842,0.0590,52662523624622.1000,
86.0000,16.5153,0.0000,-0.2731,-1.5406,0.0000,-0.0155,-0.0651,806.7140,0.0000,2504.2140,0.6944,5.7934,0.0892,0.0611,54778912251486.9000,
87.0000,16.2422,0.0000,-0.2816,-1.8364,0.0000,-0.0185,-0.0775,781.2768,0.0000,2425.2513,0.7014,6.0807,0.0909,0.0618,55508108011968.9000,
88.0000,15.9606,0.0000,-0.2744,-1.6746,0.0000,-0.0169,-0.0707,795.1922,0.0000,2468.4478,0.6976,5.9236,0.0899,0.0614,55109201893395.4000,
89.0000,15.6861,0.0000,-0.2551,-1.1680,0.0000,-0.0118,-0.0493,838.7574,0.0000,2603.6835,0.6856,5.4316,0.0870,0.0602,53860342005249.3000,
90.0000,15.4311,0.0000,-0.2266,-0.4171,0.0000,-0.0042,-0.0176,903.3302,0.0000,2804.1315,0.6677,4.7023,0.0826,0.0583,52009267084908.6000,
91.0000,15.2045,0.0000,-0.1918,0.4958,0.4958,0.0050,0.0209,1057.3192,0.0000,3282.1463,0.7159,5.3380,0.0878,0.0579,51644298082415.8000,
92.0000,15.0127,0.0000,-0.1529,1.5052,1.5052,0.0152,0.0636,1297.8220,0.0000,4028.7188,0.8341,7.4571,0.1031,0.0592,52994784556940.6000,
93.0000,14.8598,0.0000,-0.1122,2.5593,2.5593,0.0258,0.1081,1548.9866,0.0000,4808.3879,0.9575,9.6702,0.1192,0.0606,54405139895927.1000,
94.0000,14.7476,0.0000,-0.0712,3.6174,3.6174,0.0365,0.1528,1801.0768,0.0000,5590.9301,1.0813,11.8914,0.1353,0.0620,55820692384068.2000,
95.0000,14.6764,0.0000,-0.0314,4.6475,4.6475,0.0469,0.1962,2046.5066,0.0000,6352.7970,1.2019,14.0540,0.1509,0.0633,57198845158455.9000,
96.0000,14.6450,0.0000,0.0059,5.6253,5.6253,0.0568,0.2375,2279.5003,0.0000,7076.0598,1.3164,16.1070,0.1658,0.0646,58507166333680.6000,
97.0000,14.6509,0.0000,0.0399,6.5335,6.5335,0.0659,0.2759,2495.8719,0.0000,7747.7237,1.4328,17.7669,0.1818,0.0659,59469601375484.4000,
98.0000,14.6908,0.0000,0.0701,7.3605,7.3605,0.0743,0.3108,2692.9295,0.0000,8359.4330,1.5433,19.1705,0.1974,0.0671,60235432186989.5000,
99.0000,14.7609,0.0000,0.0962,8.1015,8.1015,0.0818,0.3421,2869.4763,0.0000,8907.4723,1.6423,20.4281,0.2113,0.0681,60921551159672.8000,
100.0000,14.8570,0.0000,0.1182,8.7579,8.7579,0.0884,0.3698,3025.8560,0.0000,9392.9083,1.7299,21.5420,0.2237,0.0690,61529293851107.2000,
101.0000,14.9752,0.0000,0.1365,9.3375,9.3375,0.0942,0.3943,3163.9521,0.0000,9821.5884,1.8073,22.5257,0.2346,0.0698,62065980782552.2000,
102.0000,15.1117,0.0000,0.1518,9.8538,9.8538,0.0994,0.4161,3286.9853,0.0000,10203.5101,1.8763,23.4020,0.2443,0.0706,62544128537314.2000,
103.0000,15.2635,0.0000,0.1646,10.3240,10.3240,0.1042,0.4359,3374.4229,0.0000,10474.9352,1.9391,24.1999,0.2532,0.0712,62979444877736.1000,
104.0000,15.4281,0.0000,0.1758,10.7651,10.7651,0.1086,0.4546,3453.3378,0.0000,10719.9040,1.9980,24.9486,0.2615,0.0719,63387905824604.4000,
105.0000,15.6039,0.0000,0.1859,11.1916,11.1916,0.1129,0.4726,3529.6316,0.0000,10956.7364,2.0549,25.6724,0.2695,0.0725,63782800176942.4000,
106.0000,15.7898,0.0000,0.1952,11.6125,11.6125,0.1172,0.4904,3604.9423,0.0000,11190.5171,2.1112,26.3868,0.2774,0.0731,64172605906009.0000,
107.0000,15.9850,0.0000,0.2040,12.0310,12.0310,0.1214,0.5080,3679.8132,0.0000,11422.9323,2.1738,27.0561,0.2869,0.0739,64785578086144.7000,
108.0000,16.1889,0.0000,0.2120,12.4444,12.4444,0.1256,0.5255,3753.7633,0.0000,11652.4896,2.2438,27.6685,0.2980,0.0749,65658198735026.1000,
109.0000,16.4009,0.0000,0.2192,12.8455,12.8455,0.1296,0.5424,3825.5219,0.0000,11875.2435,2.3117,28.2627,0.3089,0.0760,66504957857126.4000,
110.0000,16.6201,0.0000,0.2251,13.2245,13.2245,0.1334,0.5584,3893.3263,0.0000,12085.7231,2.3758,28.8242,0.3192,0.0770,67305058253516.6000,
111.0000,16.8452,0.0000,0.2296,13.5704,13.5704,0.1369,0.5730,3955.1962,0.0000,12277.7806,2.4343,29.3366,0.3285,0.0778,68035130639869.0000,
112.0000,17.0747,0.0000,0.2322,13.8719,13.8719,0.1400,0.5858,4009.1391,0.0000,12445.2310,2.4853,29.7833,0.3367,0.0786,68671663064859.9000,
113.0000,17.3070,0.0000,0.2329,14.1189,14.1189,0.1425,0.5962,4053.3206,0.0000,12582.3797,2.5271,30.1492,0.3434,0.0793,69193009427503.8000,
114.0000,17.5399,0.0000,0.2314,14.3031,14.3031,0.1443,0.6040,4086.2786,0.0000,12684.6884,2.5583,30.4221,0.3484,0.0797,69581917604615.9000,
115.0000,17.7713,0.0000,0.2278,14.4201,14.4201,0.1455,0.6089,4107.2096,0.0000,12749.6627,2.5781,30.5954,0.3515,0.0800,69828905792687.1000,
116.0000,17.9990,0.0000,0.2221,14.4707,14.4707,0.1460,0.6111,4116.2542,0.0000,12777.7393,2.5866,30.6703,0.3529,0.0802,69935633814695.5000,
117.0000,18.2212,0.0000,0.2149,14.4617,14.4617,0.1459,0.6107,4114.6473,0.0000,12772.7510,2.5851,30.6570,0.3526,0.0801,69916671666645.1000,
118.0000,18.4360,0.0000,0.2064,14.4054,14.4054,0.1454,0.6083,4104.5696,0.0000,12741.4677,2.5756,30.5736,0.3511,0.0800,69797753778538.6000,
119.0000,18.6424,0.0000,0.1973,14.3160,14.3160,0.1445,0.6045,4088.5897,0.0000,12691.8627,2.5605,30.4412,0.3487,0.0798,69609189592685.3000,
120.0000,18.8397,0.0000,0.1879,14.2049,14.2049,0.1433,0.5998,4068.7140,0.0000,12630.1642,2.5417,30.2766,0.3457,0.0795,69374653723163.7000,
121.0000,19.0276,0.0000,0.1782,14.0731,14.0731,0.1420,0.5943,4045.1324,0.0000,12556.9617,2.5194,30.0814,0.3421,0.0791,69096387305393.1000,
122.0000,19.2059,0.0000,0.1678,13.9102,13.9102,0.1404,0.5874,4015.9923,0.0000,12466.5047,2.4918,29.8400,0.3377,0.0787,68752531527651.0000,
123.0000,19.3737,0.0000,0.1556,13.6704,13.6704,0.1379,0.5773,3973.0910,0.0000,12333.3297,2.4512,29.4848,0.3312,0.0781,68246290459931.0000,
124.0000,19.5293,0.0000,0.1398,13.2931,13.2931,0.1341,0.5613,3905.5947,0.0000,12123.8068,2.3874,28.9258,0.3210,0.0771,67449826890656.8000,
125.0000,19.6690,0.0000,0.1185,12.7076,12.7076,0.1282,0.5366,3800.8483,0.0000,11798.6514,2.2883,28.0584,0.3052,0.0756,66213806839009.1000,
126.0000,19.7875,0.0000,0.0902,11.8508,11.8508,0.1196,0.5004,3647.5610,0.0000,11322.8146,2.1433,26.7890,0.2820,0.0734,64404998417851.0000,
127.0000,19.8777,0.0000,0.0541,10.6903,10.6903,0.1079,0.4514,3439.9553,0.0000,10678.3617,1.9880,24.8216,0.2601,0.0718,63318638288677.2000,
128.0000,19.9318,0.0000,0.0109,9.2461,9.2461,0.0933,0.3904,3142.1968,0.0000,9754.0555,1.7951,22.3707,0.2329,0.0697,61981432827959.0000,
129.0000,19.9427,0.0000,-0.0370,7.6004,7.6004,0.0767,0.3209,2750.0851,0.0000,8536.8563,1.5753,19.5777,0.2019,0.0674,60457557732246.3000,
130.0000,19.9057,0.0000,-0.0859,5.8865,5.8865,0.0594,0.2486,2341.7224,0.0000,7269.2104,1.3470,16.6552,0.1698,0.0650,58856559301786.6000,
131.0000,19.8198,0.0000,-0.1316,4.2580,4.2580,0.0430,0.1798,1953.7240,0.0000,6064.7798,1.1563,13.2365,0.1450,0.0628,56677846364136.0000,
132.0000,19.6882,0.0000,-0.1706,2.8498,2.8498,0.0288,0.1203,1618.1987,0.0000,5023.2372,0.9915,10.2801,0.1236,0.0610,54793784037855.8000,
133.0000,19.5176,0.0000,-0.2007,1.7478,1.7478,0.0176,0.0738,1355.6328,0.0000,4208.1761,0.8625,7.9665,0.1068,0.0596,53319407561832.7000,
134.0000,19.3169,0.0000,-0.2209,0.9798,0.9798,0.0099,0.0414,1172.6594,0.0000,3640.1872,0.7725,6.3543,0.0951,0.0586,52291963638603.2000,
135.0000,19.0960,0.0000,-0.2320,0.5254,0.5254,0.0053,0.0222,1064.3936,0.0000,3304.1070,0.7193,5.4003,0.0882,0.0580,51684023072285.9000,
136.0000,18.8639,0.0000,-0.2353,0.3258,0.3258,0.0033,0.0138,1016.8257,0.0000,3156.4459,0.6960,4.9812,0.0852,0.0577,51416916643957.6000,
137.0000,18.6286,0.0000,-0.2324,0.3272,0.3272,0.0033,0.0138,1017.1604,0.0000,3157.4849,0.6961,4.9841,0.0852,0.0577,51418796097619.9000,
138.0000,18.3962,0.0000,-0.2251,0.4745,0.4745,0.0048,0.0200,1052.2478,0.0000,3266.4036,0.7134,5.2933,0.0874,0.0579,51615820807169.7000,
139.0000,18.1711,0.0000,-0.2149,0.7153,0.7153,0.0072,0.0302,1109.6178,0.0000,3444.4926,0.7416,5.7988,0.0911,0.0582,51937968825699.6000,
140.0000,17.9562,0.0000,-0.2033,1.0034,1.0034,0.0101,0.0424,1178.2751,0.0000,3657.6197,0.7753,6.4038,0.0955,0.0586,52323497656962.4000,
141.0000,17.7529,0.0000,-0.1914,1.2987,1.2987,0.0131,0.0548,1248.6300,0.0000,3876.0164,0.8099,7.0237,0.1000,0.0590,52718558794987.8000,
142.0000,17.5615,0.0000,-0.1803,1.5676,1.5676,0.0158,0.0662,1312.7004,0.0000,4074.9048,0.8414,7.5882,0.1041,0.0593,53078331027908.7000,
143.0000,17.3812,0.0000,-0.1710,1.7857,1.7857,0.0180,0.0754,1364.6578,0.0000,4236.1917,0.8669,8.0460,0.1074,0.0596,53370085431986.0000,
144.0000,17.2102,0.0000,-0.1637,1.9406,1.9406,0.0196,0.0819,1401.5724,0.0000,4350.7824,0.8850,8.3713,0.1097,0.0598,53577370244122.5000,
145.0000,17.0465,0.0000,-0.1585,2.0343,2.0343,0.0205,0.0859,1423.9030,0.0000,4420.1016,0.8960,8.5681,0.1112,0.0599,53702762764927.0000,
146.0000,16.8881,0.0000,-0.1549,2.0818,2.0818,0.0210,0.0879,1435.2225,0.0000,4455.2395,0.9016,8.6678,0.1119,0.0600,53766324285542.0000,
147.0000,16.7332,0.0000,-0.1520,2.1063,2.1063,0.0213,0.0889,1441.0535,0.0000,4473.3403,0.9044,8.7192,0.1123,0.0600,53799067170824.1000,
148.0000,16.5812,0.0000,-0.1492,2.1322,2.1322,0.0215,0.0900,1447.2251,0.0000,4492.4983,0.9075,8.7736,0.1127,0.0601,53833722409331.3000,
149.0000,16.4320,0.0000,-0.1457,2.1794,2.1794,0.0220,0.0920,1458.4710,0.0000,4527.4081,0.9130,8.8726,0.1134,0.0601,53896871102638.1000,
150.0000,16.2863,0.0000,-0.1411,2.2601,2.2601,0.0228,0.0954,1477.6873,0.0000,4587.0596,0.9224,9.0420,0.1146,0.0602,54004775764727.6000,
151.0000,16.1452,0.0000,-0.1352,2.3774,2.3774,0.0240,0.1004,1505.6406,0.0000,4673.8325,0.9362,9.2883,0.1164,0.0604,54161740525406.3000,
152.0000,16.0101,0.0000,-0.1283,2.5248,2.5248,0.0255,0.1066,1540.7707,0.0000,4782.8840,0.9534,9.5978,0.1186,0.0606,54359005545474.4000,
153.0000,15.8818,0.0000,-0.1210,2.6853,2.6853,0.0271,0.1134,1579.0098,0.0000,4901.5863,0.9722,9.9347,0.1211,0.0608,54573727959475.4000,
154.0000,15.7608,0.0000,-0.1142,2.8309,2.8309,0.0286,0.1195,1613.6905,0.0000,5009.2427,0.9893,10.2403,0.1233,0.0610,54768469163395.5000,
155.0000,15.6466,0.0000,-0.1094,2.9232,2.9232,0.0295,0.1234,1635.6915,0.0000,5077.5385,1.0001,10.4342,0.1247,0.0611,54892010452116.6000,
156.0000,15.5372,0.0000,-0.1081,2.9163,2.9163,0.0294,0.1231,1634.0386,0.0000,5072.4075,0.9993,10.4196,0.1246,0.0611,54882728974038.5000,
157.0000,15.4291,0.0000,-0.1122,2.7612,2.7612,0.0279,0.1166,1597.0764,0.0000,4957.6689,0.9811,10.0939,0.1222,0.0609,54675176569803.7000,
158.0000,15.3169,0.0000,-0.1233,2.4129,2.4129,0.0243,0.1019,1514.0896,0.0000,4700.0601,0.9403,9.3627,0.1169,0.0604,54209183968361.4000,
159.0000,15.1936,0.0000,-0.1427,1.8377,1.8377,0.0185,0.0776,1377.0620,0.0000,4274.6970,0.8730,8.1553,0.1082,0.0597,53439738188367.6000,
160.0000,15.0508,0.0000,-0.1712,1.0197,1.0197,0.0103,0.0431,1182.1654,0.0000,3669.6959,0.7772,6.4380,0.0957,0.0586,52345342538937.6000,
161.0000,14.8796,0.0000,-0.2087,-0.0355,0.0000,-0.0004,-0.0015,936.1425,0.0000,2905.9878,0.6587,4.3317,0.0804,0.0574,51068656487956.3000,
162.0000,14.6709,0.0000,-0.2547,-1.2987,0.0000,-0.0131,-0.0548,827.5152,0.0000,2568.7853,0.6887,5.5585,0.0878,0.0605,54182616417136.8000,
163.0000,14.4162,0.0000,-0.3077,-2.7156,0.0000,-0.0274,-0.1147,0.0000,0.0000,0.0000,0.0000,0.0000,0.0000,0.0000,0.0000,
164.0000,14.1085,0.0000,-0.3657,-4.2077,0.0000,-0.0425,-0.1777,0.0000,0.0000,0.0000,0.0000,0.0000,0.0000,0.0000,0.0000,
165.0000,13.7428,0.0000,-0.4256,-5.6761,0.0000,-0.0573,-0.2397,0.0000,0.0000,0.0000,0.0000,0.0000,0.0000,0.0000,0.0000,
166.0000,13.3172,0.0000,-0.4840,-7.0091,0.0000,-0.0707,-0.2960,0.0000,0.0000,0.0000,0.0000,0.0000,0.0000,0.0000,0.0000,
167.0000,12.8332,0.0000,-0.5370,-8.1796,0.0000,-0.0825,-0.3454,0.0000,0.0000,0.0000,0.0000,0.0000,0.0000,0.0000,0.0000,
168.0000,12.2963,0.0000,-0.5809,-9.0547,0.0000,-0.0914,-0.3824,0.0000,0.0000,0.0000,0.0000,0.0000,0.0000,0.0000,0.0000,
169.0000,11.7153,0.0000,-0.6130,-9.5542,0.0000,-0.0964,-0.4034,0.0000,0.0000,0.0000,0.0000,0.0000,0.0000,0.0000,0.0000,
170.0000,11.1023,0.0000,-0.6315,-9.6606,0.0000,-0.0975,-0.4079,0.0000,0.0000,0.0000,0.0000,0.0000,0.0000,0.0000,0.0000,
171.0000,10.4708,0.0000,-0.6361,-9.4015,0.0000,-0.0949,-0.3970,0.0000,0.0000,0.0000,0.0000,0.0000,0.0000,0.0000,0.0000,
172.0000,9.8347,0.0000,-0.6279,-8.8394,0.0000,-0.0892,-0.3733,0.0000,0.0000,0.0000,0.0000,0.0000,0.0000,0.0000,0.0000,
173.0000,9.2068,0.0000,-0.6087,-8.0562,0.0000,-0.0813,-0.3402,0.0000,0.0000,0.0000,0.0000,0.0000,0.0000,0.0000,0.0000,
174.0000,8.5981,0.0000,-0.5809,-7.1375,0.0000,-0.0720,-0.3014,0.0000,0.0000,0.0000,0.0000,0.0000,0.0000,0.0000,0.0000,
175.0000,8.0172,0.0000,-0.5469,-6.1603,0.0000,-0.0622,-0.2601,0.0000,0.0000,0.0000,0.0000,0.0000,0.0000,0.0000,0.0000,
176.0000,7.4703,0.0000,-0.5092,-5.2355,0.0000,-0.0528,-0.2211,0.0000,0.0000,0.0000,0.0000,0.0000,0.0000,0.0000,0.0000,
177.0000,6.9611,0.0000,-0.4696,-4.6082,0.0000,-0.0465,-0.1946,0.0000,0.0000,0.0000,0.0000,0.0000,0.0000,0.0000,0.0000,
178.0000,6.4915,0.0000,-0.4292,-3.9370,0.0000,-0.0397,-0.1662,0.0000,0.0000,0.0000,0.0000,0.0000,0.0000,0.0000,0.0000,
179.0000,6.0623,0.0000,-0.3881,-3.2470,0.0000,-0.0328,-0.1371,0.0000,0.0000,0.0000,0.0000,0.0000,0.0000,0.0000,0.0000,
180.0000,5.6741,0.0000,-0.3455,-2.5431,0.0000,-0.0257,-0.1074,0.0000,0.0000,0.0000,0.0000,0.0000,0.0000,0.0000,0.0000,
181.0000,5.3286,0.0000,-0.2998,-1.8181,0.0000,-0.0183,-0.0768,0.0000,0.0000,0.0000,0.0000,0.0000,0.0000,0.0000,0.0000,
182.0000,5.0288,0.0000,-0.2494,-1.0630,0.0000,-0.0107,-0.0449,847.7865,0.0000,2631.7119,0.6831,5.3296,0.0864,0.0599,53601508704765.3000,
183.0000,4.7794,0.0000,-0.1932,-0.2742,0.0000,-0.0028,-0.0116,915.6210,0.0000,2842.2846,0.6643,4.5635,0.0818,0.0580,51656935052444.2000,
184.0000,4.5862,0.0000,-0.1316,0.5439,0.5439,0.0055,0.0230,1068.7784,0.0000,3317.7183,0.7215,5.4389,0.0885,0.0580,51708644700631.3000,
185.0000,4.4546,0.0000,-0.0657,1.3805,1.3805,0.0139,0.0583,1268.1085,0.0000,3936.4818,0.8195,7.1953,0.1012,0.0591,52827935619374.1000,
186.0000,4.3890,0.0000,0.0021,2.2220,2.2220,0.0224,0.0938,1468.6099,0.0000,4558.8812,0.9180,8.9620,0.1140,0.0602,53953803360011.7000,
187.0000,4.3910,0.0000,0.0686,3.0536,3.0536,0.0308,0.1289,1666.7602,0.0000,5173.9825,1.0153,10.7079,0.1267,0.0613,55066469455370.8000,
188.0000,4.4596,0.0000,0.1307,3.8589,3.8589,0.0389,0.1630,1858.6345,0.0000,5769.6017,1.1096,12.3986,0.1389,0.0623,56143894196172.3000,
189.0000,4.5904,0.0000,0.1855,4.6174,4.6174,0.0466,0.1950,2039.3548,0.0000,6330.5963,1.1984,13.9910,0.1505,0.0633,57158685926624.5000,
190.0000,4.7759,0.0000,0.2305,5.3022,5.3022,0.0535,0.2239,2202.5021,0.0000,6837.0406,1.2786,15.4285,0.1609,0.0642,58074800872548.7000,
191.0000,5.0064,0.0000,0.2635,5.8785,5.8785,0.0593,0.2482,2339.8292,0.0000,7263.3337,1.3461,16.6386,0.1697,0.0650,58845928892050.1000,
192.0000,5.2699,0.0000,0.2831,6.3050,6.3050,0.0636,0.2662,2441.4350,0.0000,7578.7398,1.4023,17.3791,0.1775,0.0656,59258041618397.0000,
193.0000,5.5529,0.0000,0.2876,6.5359,6.5359,0.0660,0.2760,2496.4554,0.0000,7749.5350,1.4332,17.7710,0.1819,0.0659,59471869136772.6000,
194.0000,5.8405,0.0000,0.2761,6.5273,6.5273,0.0659,0.2756,2494.4006,0.0000,7743.1565,1.4320,17.7564,0.1817,0.0659,59463883534008.6000,
195.0000,6.1166,0.0000,0.2478,6.2459,6.2459,0.0630,0.2637,2427.3596,0.0000,7535.0468,1.3944,17.2789,0.1764,0.0655,59203340070960.5000,
196.0000,6.3644,0.0000,0.2032,5.6822,5.6822,0.0573,0.2399,2293.0441,0.0000,7118.1026,1.3231,16.2263,0.1667,0.0647,58583218198277.3000,
197.0000,6.5676,0.0000,0.1445,4.8624,4.8624,0.0491,0.2053,2097.7171,0.0000,6511.7655,1.2271,14.5052,0.1542,0.0636,57486405711601.4000,
198.0000,6.7121,0.0000,0.0760,3.8525,3.8525,0.0389,0.1627,1857.0939,0.0000,5764.8194,1.1089,12.3850,0.1388,0.0623,56135243411906.8000,
199.0000,6.7881,0.0000,0.0034,2.7474,2.7474,0.0277,0.1160,1593.7861,0.0000,4947.4553,0.9795,10.0649,0.1220,0.0609,54656701041967.1000,
200.0000,6.7915,0.0000,-0.0674,1.6487,1.6487,0.0166,0.0696,1332.0180,0.0000,4134.8708,0.8509,7.7584,0.1053,0.0594,53186804424160.8000,
201.0000,6.7241,0.0000,-0.1316,0.6426,0.6426,0.0065,0.0271,1092.2957,0.0000,3390.7210,0.7331,5.6462,0.0900,0.0581,51840700524377.3000,
202.0000,6.5925,0.0000,-0.1861,-0.2126,0.0000,-0.0021,-0.0090,920.9196,0.0000,2858.7327,0.6629,4.5036,0.0814,0.0578,51505042367635.7000,
203.0000,6.4064,0.0000,-0.2295,-0.8851,0.0000,-0.0089,-0.0374,863.0839,0.0000,2679.1982,0.6789,5.1568,0.0854,0.0595,53162987607520.8000,
204.0000,6.1769,0.0000,-0.2612,-1.3631,0.0000,-0.0138,-0.0576,0.0000,0.0000,0.0000,0.0000,0.0000,0.0000,0.0000,0.0000,
205.0000,5.9157,0.0000,-0.2816,-1.6479,0.0000,-0.0166,-0.0696,0.0000,0.0000,0.0000,0.0000,0.0000,0.0000,0.0000,0.0000,
206.0000,5.6340,0.0000,-0.2911,-1.7508,0.0000,-0.0177,-0.0739,0.0000,0.0000,0.0000,0.0000,0.0000,0.0000,0.0000,0.0000,
207.0000,5.3429,0.0000,-0.2906,-1.6925,0.0000,-0.0171,-0.0715,0.0000,0.0000,0.0000,0.0000,0.0000,0.0000,0.0000,0.0000,
208.0000,5.0523,0.0000,-0.2813,-1.5013,0.0000,-0.0151,-0.0634,0.0000,0.0000,0.0000,0.0000,0.0000,0.0000,0.0000,0.0000,
209.0000,4.7710,0.0000,-0.2645,-1.2098,0.0000,-0.0122,-0.0511,0.0000,0.0000,0.0000,0.0000,0.0000,0.0000,0.0000,0.0000,
210.0000,4.5066,0.0000,-0.2416,-0.8504,0.0000,-0.0086,-0.0359,866.0712,0.0000,2688.4714,0.6780,5.1231,0.0852,0.0594,53077352347901.6000,
211.0000,4.2650,0.0000,-0.2141,-0.4514,0.0000,-0.0046,-0.0191,900.3797,0.0000,2794.9723,0.6686,4.7356,0.0828,0.0584,52093849898267.7000,
212.0000,4.0509,0.0000,-0.1831,-0.0345,0.0000,-0.0003,-0.0015,936.2307,0.0000,2906.2617,0.6587,4.3307,0.0804,0.0574,51066126627627.9000,
213.0000,3.8679,0.0000,-0.1494,0.3870,0.3870,0.0039,0.0163,1031.4108,0.0000,3201.7212,0.7031,5.1097,0.0861,0.0578,51498815887088.2000,
214.0000,3.7185,0.0000,-0.1135,0.8082,0.8082,0.0082,0.0341,1131.7688,0.0000,3513.2541,0.7525,5.9940,0.0925,0.0583,52062352474878.1000,
215.0000,3.6050,0.0000,-0.0754,1.2314,1.2314,0.0124,0.0520,1232.5859,0.0000,3826.2119,0.8020,6.8823,0.0990,0.0589,52628466647910.5000,
216.0000,3.5296,0.0000,-0.0351,1.6641,1.6641,0.0168,0.0703,1335.6890,0.0000,4146.2662,0.8527,7.7908,0.1055,0.0594,53207417695112.4000,
217.0000,3.4945,0.0000,0.0077,2.1173,2.1173,0.0214,0.0894,1443.6799,0.0000,4481.4933,0.9057,8.7423,0.1124,0.0600,53813815163202.3000,
218.0000,3.5021,0.0000,0.0530,2.6031,2.6031,0.0263,0.1099,1559.4177,0.0000,4840.7684,0.9626,9.7621,0.1198,0.0607,54463713457688.8000,
219.0000,3.5551,0.0000,0.1005,3.1325,3.1325,0.0316,0.1323,1685.5491,0.0000,5232.3074,1.0246,10.8735,0.1279,0.0614,55171974346523.1000,
220.0000,3.6556,0.0000,0.1496,3.7140,3.7140,0.0375,0.1568,1824.1001,0.0000,5662.3993,1.0927,12.0943,0.1367,0.0621,55949974111253.7000,
221.0000,3.8053,0.0000,0.1994,4.3520,4.3520,0.0439,0.1838,1976.1207,0.0000,6134.3040,1.1674,13.4338,0.1464,0.0630,56803609746461.0000,
222.0000,4.0046,0.0000,0.2484,5.0457,5.0457,0.0509,0.2131,2141.3864,0.0000,6647.3245,1.2486,14.8900,0.1570,0.0639,57731620386165.7000,
223.0000,4.2530,0.0000,0.2955,5.7877,5.7877,0.0584,0.2444,2318.1871,0.0000,7196.1520,1.3354,16.4479,0.1683,0.0648,58724402859731.4000,
224.0000,4.5486,0.0000,0.3396,6.5644,6.5644,0.0662,0.2772,2503.2521,0.0000,7770.6334,1.4370,17.8195,0.1824,0.0659,59498283311333.1000,
225.0000,4.8882,0.0000,0.3796,7.3560,7.3560,0.0742,0.3106,2691.8468,0.0000,8356.0720,1.5427,19.1628,0.1973,0.0670,60231224405128.1000,
226.0000,5.2678,0.0000,0.4149,8.1375,8.1375,0.0821,0.3436,2878.0473,0.0000,8934.0783,1.6471,20.4892,0.2120,0.0681,60954860691440.1000,
227.0000,5.6827,0.0000,0.4447,8.8809,8.8809,0.0896,0.3750,3055.1722,0.0000,9483.9121,1.7463,21.7508,0.2260,0.0692,61643226300839.8000,
228.0000,6.1274,0.0000,0.4689,9.5574,9.5574,0.0964,0.4036,3216.3456,0.0000,9984.2291,1.8367,22.8989,0.2387,0.0702,62269599219184.1000,
229.0000,6.5963,0.0000,0.4871,10.1400,10.1400,0.1023,0.4282,3341.5110,0.0000,10372.7695,1.9145,23.8877,0.2497,0.0710,62809093837904.1000,
230.0000,7.0833,0.0000,0.4993,10.6070,10.6070,0.1070,0.4479,3425.0534,0.0000,10632.1031,1.9769,24.6802,0.2585,0.0716,63241506691371.8000,
231.0000,7.5826,0.0000,0.5057,10.9745,10.9745,0.1107,0.4634,3490.8099,0.0000,10836.2254,2.0260,25.3041,0.2654,0.0722,63581860173296.1000,
232.0000,8.0883,0.0000,0.5069,11.5655,11.5655,0.1167,0.4884,3596.5384,0.0000,11164.4295,2.1049,26.3071,0.2765,0.0730,64129107579104.4000,
233.0000,8.5952,0.0000,0.5036,12.0750,12.0750,0.1218,0.5099,3687.6796,0.0000,11447.3515,2.1813,27.1212,0.2880,0.0740,64878403018993.7000,
234.0000,9.0988,0.0000,0.4969,12.5070,12.5070,0.1262,0.5281,3764.9545,0.0000,11687.2293,2.2544,27.7611,0.2997,0.0751,65790255822942.3000,
235.0000,9.5957,0.0000,0.4880,12.8745,12.8745,0.1299,0.5437,3830.7123,0.0000,11891.3557,2.3166,28.3057,0.3097,0.0761,66566205464558.6000,
236.0000,10.0838,0.0000,0.4783,13.1976,13.1976,0.1332,0.5573,3888.4978,0.0000,12070.7341,2.3712,28.7842,0.3184,0.0769,67248080547824.4000,
237.0000,10.5620,0.0000,0.4688,13.4986,13.4986,0.1362,0.5700,3942.3487,0.0000,12237.8991,2.4222,29.2302,0.3266,0.0777,67883528270836.9000,
238.0000,11.0308,0.0000,0.4604,13.7984,13.7984,0.1392,0.5827,3995.9873,0.0000,12404.4050,2.4729,29.6744,0.3347,0.0784,68516470432340.4000,
239.0000,11.4912,0.0000,0.4536,14.1119,14.1119,0.1424,0.5959,4052.0756,0.0000,12578.5149,2.5259,30.1389,0.3432,0.0792,69178317973164.0000,
240.0000,11.9448,0.0000,0.4484,14.4451,14.4451,0.1458,0.6100,4111.6747,0.0000,12763.5236,2.5823,30.6324,0.3522,0.0801,69881595331597.3000,
241.0000,12.3931,0.0000,0.4444,14.7935,14.7935,0.1493,0.6247,4174.0030,0.0000,12957.0040,2.6413,31.1486,0.3616,0.0810,70617076394287.0000,
242.0000,12.8375,0.0000,0.4408,15.1429,15.1429,0.1528,0.6394,4236.5125,0.0000,13151.0468,2.7004,31.6662,0.3711,0.0819,71354695409053.2000,
243.0000,13.2783,0.0000,0.4366,15.4806,15.4806,0.1562,0.6537,4296.9219,0.0000,13338.5707,2.7575,32.1665,0.3802,0.0828,72067533854161.0000,
244.0000,13.7149,0.0000,0.4308,15.8389,15.8389,0.1598,0.6688,4361.0310,0.0000,13537.5792,2.8182,32.6974,0.3899,0.0837,72824029002939.8000,
245.0000,14.1457,0.0000,0.4224,16.1206,16.1206,0.1627,0.6807,4411.4126,0.0000,13693.9744,2.8658,33.1146,0.3975,0.0844,73418537456172.9000,
246.0000,14.5681,0.0000,0.4106,16.2953,16.2953,0.1644,0.6881,4442.6681,0.0000,13790.9981,2.8954,33.3734,0.4023,0.0849,73787355747315.5000,
247.0000,14.9787,0.0000,0.3947,16.3371,16.3371,0.1649,0.6899,4450.1441,0.0000,13814.2053,2.9025,33.4354,0.4034,0.0850,73875573768759.2000,
248.0000,15.3734,0.0000,0.3745,16.2273,16.2273,0.1637,0.6852,4430.5092,0.0000,13753.2545,2.8839,33.2728,0.4004,0.0847,73643880089760.0000,
249.0000,15.7480,0.0000,0.3501,15.9575,15.9575,0.1610,0.6738,4382.2385,0.0000,13603.4117,2.8382,32.8730,0.3931,0.0840,73074279381621.1000,
250.0000,16.0981,0.0000,0.3220,15.5312,15.5312,0.1567,0.6558,4305.9777,0.0000,13366.6818,2.7661,32.2415,0.3816,0.0829,72174393206488.5000,
251.0000,16.4201,0.0000,0.2909,14.9654,14.9654,0.1510,0.6319,4204.7653,0.0000,13052.4966,2.6704,31.4033,0.3663,0.0814,70980074484665.2000,
252.0000,16.7110,0.0000,0.2581,14.2907,14.2907,0.1442,0.6035,4084.0583,0.0000,12677.7962,2.5562,30.4037,0.3480,0.0797,69555718032324.9000,
253.0000,16.9691,0.0000,0.2249,13.5496,13.5496,0.1367,0.5722,3951.4747,0.0000,12266.2281,2.4308,29.3058,0.3280,0.0778,67991215918259.8000,
254.0000,17.1940,0.0000,0.1930,12.7932,12.7932,0.1291,0.5402,3816.1680,0.0000,11846.2069,2.3028,28.1852,0.3075,0.0758,66394580562010.0000,
255.0000,17.3870,0.0000,0.1638,12.0759,12.0759,0.1219,0.5099,3687.8402,0.0000,11447.8498,2.1814,27.1225,0.2881,0.0740,64880297481968.2000,
256.0000,17.5508,0.0000,0.1389,11.4482,11.4482,0.1155,0.4834,3575.5374,0.0000,11099.2378,2.0892,26.1078,0.2743,0.0728,64020406875010.6000,
257.0000,17.6897,0.0000,0.1191,10.9503,10.9503,0.1105,0.4624,3486.4812,0.0000,10822.7883,2.0227,25.2630,0.2649,0.0721,63559455110859.2000,
258.0000,17.8087,0.0000,0.1049,10.6079,10.6079,0.1070,0.4479,3425.2147,0.0000,10632.6040,1.9770,24.6818,0.2585,0.0716,63242341797621.8000,
259.0000,17.9137,0.0000,0.0965,10.4292,10.4292,0.1052,0.4404,3393.2558,0.0000,10533.3965,1.9531,24.3786,0.2551,0.0714,63076923351665.5000,
260.0000,18.0102,0.0000,0.0933,10.4071,10.4071,0.1050,0.4395,3389.2989,0.0000,10521.1135,1.9502,24.3410,0.2547,0.0714,63056442661102.3000,
261.0000,18.1035,0.0000,0.0946,10.5221,10.5221,0.1062,0.4443,3409.8638,0.0000,10584.9513,1.9655,24.5361,0.2569,0.0715,63162885829671.1000,
262.0000,18.1981,0.0000,0.0992,10.7474,10.7474,0.1085,0.4538,3450.1776,0.0000,10710.0941,1.9956,24.9186,0.2611,0.0718,63371548859706.1000,
263.0000,18.2973,0.0000,0.1062,11.0540,11.0540,0.1115,0.4668,3505.0300,0.0000,10880.3677,2.0366,25.4390,0.2669,0.0723,63655462999804.5000,
264.0000,18.4034,0.0000,0.1145,11.4138,11.4138,0.1152,0.4820,3569.3960,0.0000,11080.1738,2.0846,26.0496,0.2737,0.0728,63988619542117.4000,
265.0000,18.5179,0.0000,0.1234,11.8016,11.8016,0.1191,0.4983,3638.7599,0.0000,11295.4940,2.1364,26.7076,0.2810,0.0733,64347644403674.8000,
266.0000,18.6414,0.0000,0.1322,12.1952,12.1952,0.1231,0.5150,3709.1776,0.0000,11514.0859,2.2016,27.2992,0.2913,0.0743,65132081931131.2000,
267.0000,18.7735,0.0000,0.1401,12.5751,12.5751,0.1269,0.5310,3777.1347,0.0000,11725.0393,2.2659,27.8620,0.3016,0.0753,65933983694117.9000,
268.0000,18.9136,0.0000,0.1467,12.9224,12.9224,0.1304,0.5457,3839.2691,0.0000,11917.9178,2.3247,28.3766,0.3110,0.0762,66667176472192.0000,
269.0000,19.0603,0.0000,0.1514,13.2182,13.2182,0.1334,0.5582,3892.1872,0.0000,12082.1869,2.3747,28.8148,0.3190,0.0769,67291616336450.5000,
270.0000,19.2117,0.0000,0.1537,13.4446,13.4446,0.1357,0.5677,3932.6857,0.0000,12207.9029,2.4130,29.1502,0.3251,0.0775,67769503037350.1000,
271.0000,19.3654,0.0000,0.1529,13.5722,13.5722,0.1370,0.5731,3955.5166,0.0000,12278.7751,2.4346,29.3392,0.3286,0.0779,68038911080970.0000,
272.0000,19.5183,0.0000,0.1483,13.5728,13.5728,0.1370,0.5731,3955.6364,0.0000,12279.1468,2.4347,29.3402,0.3286,0.0779,68040323971260.5000,
273.0000,19.6667,0.0000,0.1394,13.4176,13.4176,0.1354,0.5666,3927.8552,0.0000,12192.9082,2.4084,29.1102,0.3244,0.0775,67712503199665.2000,
274.0000,19.8061,0.0000,0.1255,13.0811,13.0811,0.1320,0.5524,3867.6613,0.0000,12006.0534,2.3515,28.6117,0.3153,0.0766,67002208286332.7000,
275.0000,19.9315,0.0000,0.1065,12.5485,12.5485,0.1266,0.5299,3772.3854,0.0000,11710.2963,2.2614,27.8227,0.3009,0.0752,65877940904158.6000,
276.0000,20.0380,0.0000,0.0826,11.8224,11.8224,0.1193,0.4992,3642.4839,0.0000,11307.0541,2.1392,26.7430,0.2814,0.0734,64366919691843.1000,
277.0000,20.1206,0.0000,0.0547,10.9284,10.9284,0.1103,0.4615,3482.5520,0.0000,10810.5911,2.0198,25.2257,0.2645,0.0721,63539117463497.0000,
278.0000,20.1753,0.0000,0.0243,9.9161,9.9161,0.1001,0.4187,3301.4584,0.0000,10248.4377,1.8846,23.5077,0.2455,0.0707,62601783090858.5000,
279.0000,20.1996,0.0000,-0.0067,8.8516,8.8516,0.0893,0.3738,3048.1871,0.0000,9462.2289,1.7424,21.7011,0.2255,0.0692,61616079911238.3000,
280.0000,20.1930,0.0000,-0.0366,7.8011,7.8011,0.0787,0.3294,2797.8965,0.0000,8685.2732,1.6021,19.9182,0.2057,0.0677,60643368587521.0000,
281.0000,20.1564,0.0000,-0.0642,6.8095,6.8095,0.0687,0.2875,2561.6300,0.0000,7951.8509,1.4697,18.2353,0.1870,0.0663,59725158952177.1000,
282.0000,20.0922,0.0000,-0.0896,5.8798,5.8798,0.0593,0.2483,2340.1318,0.0000,7264.2729,1.3462,16.6412,0.1697,0.0650,58847627945734.3000,
283.0000,20.0026,0.0000,-0.1144,4.9619,4.9619,0.0501,0.2095,2121.4327,0.0000,6585.3839,1.2388,14.7142,0.1557,0.0638,57619575209124.9000,
284.0000,19.8882,0.0000,-0.1415,3.9553,3.9553,0.0399,0.1670,1881.5858,0.0000,5840.8474,1.1209,12.6008,0.1404,0.0624,56272771632741.3000,
285.0000,19.7467,0.0000,-0.1749,2.7320,2.7320,0.0276,0.1154,1590.1303,0.0000,4936.1068,0.9777,10.0327,0.1218,0.0608,54636172603429.3000,
286.0000,19.5718,0.0000,-0.2180,1.1828,1.1828,0.0119,0.0499,1221.0128,0.0000,3790.2865,0.7963,6.7803,0.0982,0.0588,52563480717485.5000,
287.0000,19.3537,0.0000,-0.2719,-0.7197,0.0000,-0.0073,-0.0304,877.3066,0.0000,2723.3485,0.6749,4.9962,0.0844,0.0591,52755273483881.9000,
288.0000,19.0818,0.0000,-0.3341,-2.8658,0.0000,-0.0289,-0.1210,0.0000,0.0000,0.0000,0.0000,0.0000,0.0000,0.0000,0.0000,
289.0000,18.7477,0.0000,-0.3978,-5.0315,0.0000,-0.0508,-0.2125,0.0000,0.0000,0.0000,0.0000,0.0000,0.0000,0.0000,0.0000,
290.0000,18.3499,0.0000,-0.4539,-6.8920,0.0000,-0.0695,-0.2910,0.0000,0.0000,0.0000,0.0000,0.0000,0.0000,0.0000,0.0000,
291.0000,17.8960,0.0000,-0.4942,-8.1749,0.0000,-0.0825,-0.3452,0.0000,0.0000,0.0000,0.0000,0.0000,0.0000,0.0000,0.0000,
292.0000,17.4018,0.0000,-0.5136,-8.7436,0.0000,-0.0882,-0.3692,0.0000,0.0000,0.0000,0.0000,0.0000,0.0000,0.0000,0.0000,
293.0000,16.8882,0.0000,-0.5113,-8.6106,0.0000,-0.0869,-0.3636,0.0000,0.0000,0.0000,0.0000,0.0000,0.0000,0.0000,0.0000,
294.0000,16.3769,0.0000,-0.4896,-7.8948,0.0000,-0.0797,-0.3334,0.0000,0.0000,0.0000,0.0000,0.0000,0.0000,0.0000,0.0000,
295.0000,15.8872,0.0000,-0.4525,-6.7597,0.0000,-0.0682,-0.2854,0.0000,0.0000,0.0000,0.0000,0.0000,0.0000,0.0000,0.0000,
296.0000,15.4347,0.0000,-0.4046,-5.3654,0.0000,-0.0541,-0.2266,0.0000,0.0000,0.0000,0.0000,0.0000,0.0000,0.0000,0.0000,
297.0000,15.0301,0.0000,-0.3499,-3.8426,0.0000,-0.0388,-0.1623,0.0000,0.0000,0.0000,0.0000,0.0000,0.0000,0.0000,0.0000,
298.0000,14.6802,0.0000,-0.2918,-2.2866,0.0000,-0.0231,-0.0966,742.5572,0.0000,2305.0574,0.7121,6.5180,0.0935,0.0630,56618061115429.4000,
299.0000,14.3884,0.0000,-0.2331,-0.7617,0.0000,-0.0077,-0.0322,873.6961,0.0000,2712.1408,0.6759,5.0370,0.0846,0.0592,52858773117043.4000,
300.0000,14.1553,0.0000,-0.1757,0.6907,0.6907,0.0070,0.0292,1103.7637,0.0000,3426.3202,0.7387,5.7472,0.0907,0.0582,51905096356287.5000,
301.0000,13.9796,0.0000,-0.1214,2.0430,2.0430,0.0206,0.0863,1425.9597,0.0000,4426.4858,0.8970,8.5862,0.1113,0.0599,53714311348305.1000,
302.0000,13.8582,0.0000,-0.0715,3.2740,3.2740,0.0330,0.1382,1719.2588,0.0000,5336.9495,1.0411,11.1705,0.1300,0.0616,55361263121444.7000,
303.0000,13.7867,0.0000,-0.0273,4.3628,4.3628,0.0440,0.1842,1978.6966,0.0000,6142.3002,1.1686,13.4565,0.1466,0.0630,56818074258466.1000,
304.0000,13.7594,0.0000,0.0097,5.2846,5.2846,0.0533,0.2232,2198.3255,0.0000,6824.0757,1.2765,15.3917,0.1606,0.0642,58051348377626.1000,
305.0000,13.7691,0.0000,0.0382,6.0072,6.0072,0.0606,0.2537,2370.4880,0.0000,7358.5051,1.3626,16.8738,0.1719,0.0651,58982318386037.4000,
306.0000,13.8073,0.0000,0.0565,6.4897,6.4897,0.0655,0.2740,2485.4321,0.0000,7715.3162,1.4270,17.6925,0.1810,0.0658,59429028851211.3000,
307.0000,13.8639,0.0000,0.0629,6.6836,6.6836,0.0674,0.2822,2531.6479,0.0000,7858.7801,1.4529,18.0217,0.1847,0.0661,59608638788240.8000,
308.0000,13.9268,0.0000,0.0559,6.5416,6.5416,0.0660,0.2762,2497.8044,0.0000,7753.7226,1.4339,17.7807,0.1820,0.0659,59477111734759.9000,
309.0000,13.9828,0.0000,0.0349,6.0349,6.0349,0.0609,0.2548,2377.0730,0.0000,7378.9463,1.3663,16.9207,0.1725,0.0652,59007909707349.6000,
310.0000,14.0176,0.0000,0.0007,5.1797,5.1797,0.0523,0.2187,2173.3248,0.0000,6746.4680,1.2643,15.1714,0.1590,0.0640,57910962677836.5000,
311.0000,14.0184,0.0000,-0.0431,4.0590,4.0590,0.0410,0.1714,1906.2975,0.0000,5917.5579,1.1330,12.8186,0.1420,0.0626,56411534430398.7000,
312.0000,13.9753,0.0000,-0.0909,2.8202,2.8202,0.0285,0.1191,1611.1378,0.0000,5001.3186,0.9880,10.2178,0.1231,0.0610,54754135130012.9000,
313.0000,13.8844,0.0000,-0.1362,1.6393,1.6393,0.0165,0.0692,1329.7786,0.0000,4127.9192,0.8498,7.7387,0.1052,0.0594,53174229515760.7000,
314.0000,13.7481,0.0000,-0.1736,0.6648,0.6648,0.0067,0.0281,1097.5929,0.0000,3407.1648,0.7357,5.6928,0.0903,0.0581,51870445842714.5000,
315.0000,13.5745,0.0000,-0.2000,-0.0254,0.0000,-0.0003,-0.0011,937.0191,0.0000,2908.7091,0.6584,4.3218,0.0804,0.0573,51043526036209.5000,
316.0000,13.3745,0.0000,-0.2155,-0.4311,0.0000,-0.0044,-0.0182,902.1226,0.0000,2800.3829,0.6681,4.7159,0.0827,0.0583,52043884500931.8000,
317.0000,13.1590,0.0000,-0.2219,-0.6129,0.0000,-0.0062,-0.0259,886.4918,0.0000,2751.8613,0.6724,4.8925,0.0838,0.0588,52491966774058.4000,
318.0000,12.9371,0.0000,-0.2220,-0.6524,0.0000,-0.0066,-0.0276,883.0928,0.0000,2741.3102,0.6733,4.9308,0.0840,0.0589,52589402231461.0000,
319.0000,12.7151,0.0000,-0.2184,-0.5995,0.0000,-0.0060,-0.0253,887.6456,0.0000,2755.4431,0.6721,4.8794,0.0837,0.0588,52458889077640.7000,
320.0000,12.4967,0.0000,-0.2125,-0.4923,0.0000,-0.0050,-0.0208,896.8635,0.0000,2784.0574,0.6695,4.7753,0.0831,0.0585,52194645325823.1000,
321.0000,12.2842,0.0000,-0.2048,-0.3415,0.0000,-0.0034,-0.0144,909.8323,0.0000,2824.3153,0.6659,4.6288,0.0822,0.0581,51822876223181.4000,
322.0000,12.0795,0.0000,-0.1947,-0.1372,0.0000,-0.0014,-0.0058,927.3996,0.0000,2878.8479,0.6611,4.4304,0.0810,0.0576,51319284591842.9000,
323.0000,11.8848,0.0000,-0.1813,0.1393,0.1393,0.0014,0.0059,972.4007,0.0000,3018.5411,0.6741,4.5897,0.0823,0.0575,51167458468741.5000,
324.0000,11.7035,0.0000,-0.1638,0.5054,0.5054,0.0051,0.0213,1059.6081,0.0000,3289.2515,0.7170,5.3581,0.0879,0.0579,51657150819217.2000,
325.0000,11.5397,0.0000,-0.1417,0.9697,0.9697,0.0098,0.0409,1170.2383,0.0000,3632.6715,0.7714,6.3329,0.0950,0.0585,52278368415766.4000,
326.0000,11.3980,0.0000,-0.1150,1.5306,1.5306,0.0154,0.0646,1303.8918,0.0000,4047.5610,0.8370,7.5106,0.1035,0.0593,53028868357573.1000,
327.0000,11.2830,0.0000,-0.0842,2.1773,2.1773,0.0220,0.0919,1457.9756,0.0000,4525.8701,0.9127,8.8683,0.1133,0.0601,53894089161960.8000,
328.0000,11.1988,0.0000,-0.0503,2.8927,2.8927,0.0292,0.1221,1628.4126,0.0000,5054.9433,0.9965,10.3700,0.1242,0.0611,54851137686287.4000,
329.0000,11.1485,0.0000,-0.0143,3.6561,3.6561,0.0369,0.1544,1810.2992,0.0000,5619.5585,1.0859,11.9727,0.1358,0.0621,55872478824287.4000,
330.0000,11.1342,0.0000,0.0225,4.4453,4.4453,0.0449,0.1877,1998.3364,0.0000,6203.2663,1.1783,13.6296,0.1479,0.0631,56928356812079.0000,
331.0000,11.1566,0.0000,0.0587,5.2376,5.2376,0.0529,0.2212,2187.1077,0.0000,6789.2532,1.2710,15.2929,0.1599,0.0641,57988357438263.1000,
332.0000,11.2153,0.0000,0.0931,6.0107,6.0107,0.0607,0.2538,2371.3106,0.0000,7361.0586,1.3630,16.8796,0.1720,0.0651,58985515221902.2000,
333.0000,11.3084,0.0000,0.1245,6.7438,6.7438,0.0681,0.2848,2545.9760,0.0000,7903.2577,1.4609,18.1238,0.1858,0.0662,59664322574915.7000,
334.0000,11.4329,0.0000,0.1521,7.4181,7.4181,0.0749,0.3132,2706.6481,0.0000,8402.0185,1.5510,19.2683,0.1985,0.0671,60288747208622.5000,
335.0000,11.5851,0.0000,0.1751,8.0177,8.0177,0.0809,0.3386,2849.5090,0.0000,8845.4894,1.6311,20.2859,0.2098,0.0680,60843951559510.5000,
336.0000,11.7602,0.0000,0.1931,8.5295,8.5295,0.0861,0.3602,2971.4397,0.0000,9223.9885,1.6994,21.1544,0.2194,0.0687,61317814311828.2000,
337.0000,11.9533,0.0000,0.2058,8.9428,8.9428,0.0902,0.3776,3069.9108,0.0000,9529.6642,1.7546,21.8558,0.2272,0.0693,61700505658386.0000,
338.0000,12.1591,0.0000,0.2131,9.2477,9.2477,0.0933,0.3905,3142.5672,0.0000,9755.2050,1.7953,22.3733,0.2329,0.0697,61982871987854.5000,
339.0000,12.3722,0.0000,0.2148,9.4325,9.4325,0.0952,0.3983,3186.6088,0.0000,9891.9197,1.8200,22.6871,0.2364,0.0700,62154032284640.1000,
340.0000,12.5870,0.0000,0.2106,9.4818,9.4818,0.0957,0.4004,3198.3533,0.0000,9928.3773,1.8266,22.7707,0.2373,0.0701,62199675404386.8000,
341.0000,12.7976,0.0000,0.2002,9.3770,9.3770,0.0946,0.3960,3173.3736,0.0000,9850.8348,1.8126,22.5928,0.2353,0.0699,62102595966910.6000,
342.0000,12.9978,0.0000,0.1830,9.1002,9.1002,0.0918,0.3843,3107.4128,0.0000,9646.0782,1.7756,22.1229,0.2301,0.0695,61846250508817.0000,
343.0000,13.1808,0.0000,0.1592,8.6410,8.6410,0.0872,0.3649,2998.0248,0.0000,9306.5143,1.7143,21.3438,0.2215,0.0689,61421132733266.4000,
344.0000,13.3400,0.0000,0.1291,8.0118,8.0118,0.0808,0.3383,2848.1017,0.0000,8841.1208,1.6303,20.2758,0.2097,0.0680,60838482281430.9000,
345.0000,13.4690,0.0000,0.0942,7.2344,7.2344,0.0730,0.3055,2662.8640,0.0000,8266.1031,1.5264,18.9564,0.1950,0.0669,60118587658167.7000,
346.0000,13.5632,0.0000,0.0569,6.3644,6.3644,0.0642,0.2687,2455.5831,0.0000,7622.6587,1.4103,17.4799,0.1787,0.0656,59313026070825.6000,
347.0000,13.6201,0.0000,0.0203,5.4821,5.4821,0.0553,0.2315,2245.3676,0.0000,6970.1045,1.2997,15.8062,0.1636,0.0644,58315502089691.4000,
348.0000,13.6405,0.0000,-0.0125,4.6727,4.6727,0.0472,0.1973,2052.5327,0.0000,6371.5035,1.2049,14.1071,0.1513,0.0634,57232683652967.0000,
349.0000,13.6280,0.0000,-0.0389,4.0068,4.0068,0.0404,0.1692,1893.8759,0.0000,5878.9985,1.1269,12.7091,0.1412,0.0625,56341783834463.5000,
350.0000,13.5891,0.0000,-0.0576,3.5257,3.5257,0.0356,0.1489,1779.2444,0.0000,5523.1577,1.0706,11.6991,0.1339,0.0619,55698097921638.9000,
351.0000,13.5315,0.0000,-0.0684,3.2376,3.2376,0.0327,0.1367,1710.5918,0.0000,5310.0453,1.0369,11.0942,0.1295,0.0615,55312595638329.0000,
352.0000,13.4631,0.0000,-0.0720,3.1232,3.1232,0.0315,0.1319,1683.3316,0.0000,5225.4237,1.0235,10.8540,0.1277,0.0614,55159522314775.6000,
353.0000,13.3911,0.0000,-0.0701,3.1463,3.1463,0.0317,0.1329,1688.8425,0.0000,5242.5308,1.0262,10.9025,0.1281,0.0614,55190467538061.8000,
354.0000,13.3210,0.0000,-0.0643,3.2640,3.2640,0.0329,0.1378,1716.8952,0.0000,5329.6124,1.0400,11.1497,0.1299,0.0615,55347990849699.7000,
355.0000,13.2567,0.0000,-0.0565,3.4338,3.4338,0.0347,0.1450,1757.3440,0.0000,5455.1743,1.0598,11.5061,0.1325,0.0618,55575121597229.9000,
356.0000,13.2002,0.0000,-0.0481,3.6167,3.6167,0.0365,0.1527,1800.9116,0.0000,5590.4173,1.0813,11.8900,0.1352,0.0620,55819764772475.6000,
357.0000,13.1521,0.0000,-0.0406,3.7798,3.7798,0.0381,0.1596,1839.7712,0.0000,5711.0459,1.1004,12.2324,0.1377,0.0622,56037971820320.4000,
358.0000,13.1114,0.0000,-0.0352,3.8960,3.8960,0.0393,0.1645,1867.4747,0.0000,5797.0434,1.1140,12.4765,0.1395,0.0624,56193533918373.6000,
359.0000,13.0763,0.0000,-0.0326,3.9437,3.9437,0.0398,0.1665,1878.8334,0.0000,5832.3034,1.1195,12.5766,0.1402,0.0624,56257316382536.9000,
360.0000,13.0436,0.0000,-0.0335,3.9091,3.9091,0.0394,0.1651,1870.5953,0.0000,5806.7306,1.1155,12.5040,0.1397,0.0624,56211057347589.3000,
361.0000,13.0101,0.0000,-0.0379,3.7900,3.7900,0.0382,0.1600,1842.2131,0.0000,5718.6261,1.1016,12.2539,0.1379,0.0622,56051683679752.2000,
362.0000,12.9722,0.0000,-0.0453,3.5978,3.5978,0.0363,0.1519,1796.4165,0.0000,5576.4635,1.0790,11.8504,0.1350,0.0620,55794523628660.3000,
363.0000,12.9269,0.0000,-0.0546,3.3573,3.3573,0.0339,0.1418,1739.1036,0.0000,5398.5518,1.0509,11.3454,0.1313,0.0617,55472696433229.1000,
364.0000,12.8722,0.0000,-0.0645,3.1025,3.1025,0.0313,0.1310,1678.3931,0.0000,5210.0934,1.0211,10.8104,0.1274,0.0613,55131791045747.0000,
365.0000,12.8078,0.0000,-0.0733,2.8700,2.8700,0.0290,0.1212,1623.0165,0.0000,5038.1925,0.9938,10.3225,0.1239,0.0610,54820836859978.5000,
366.0000,12.7345,0.0000,-0.0798,2.6915,2.6915,0.0272,0.1137,1580.4905,0.0000,4906.1828,0.9729,9.9478,0.1212,0.0608,54582042486147.1000,
367.0000,12.6547,0.0000,-0.0831,2.5873,2.5873,0.0261,0.1093,1555.6585,0.0000,4829.0988,0.9607,9.7290,0.1196,0.0607,54442604163598.0000,
368.0000,12.5715,0.0000,-0.0830,2.5636,2.5636,0.0259,0.1083,1550.0123,0.0000,4811.5718,0.9580,9.6792,0.1192,0.0606,54410899236953.8000,
369.0000,12.4885,0.0000,-0.0798,2.6133,2.6133,0.0264,0.1104,1561.8437,0.0000,4848.2990,0.9638,9.7835,0.1200,0.0607,54477335724446.7000,
370.0000,12.4087,0.0000,-0.0742,2.7189,2.7189,0.0274,0.1148,1587.0021,0.0000,4926.3963,0.9761,10.0052,0.1216,0.0608,54618607068101.3000,
371.0000,12.3344,0.0000,-0.0673,2.8572,2.8572,0.0288,0.1207,1619.9694,0.0000,5028.7337,0.9923,10.2957,0.1237,0.0610,54803726730294.8000,
372.0000,12.2671,0.0000,-0.0600,3.0043,3.0043,0.0303,0.1269,1655.0021,0.0000,5137.4827,1.0096,10.6043,0.1259,0.0612,55000444463536.8000,
373.0000,12.2071,0.0000,-0.0533,3.1392,3.1392,0.0317,0.1326,1687.1500,0.0000,5237.2769,1.0254,10.8876,0.1280,0.0614,55180963700799.6000,
374.0000,12.1538,0.0000,-0.0478,3.2476,3.2476,0.0328,0.1371,1712.9796,0.0000,5317.4574,1.0381,11.1152,0.1296,0.0615,55326003497269.2000,
375.0000,12.1060,0.0000,-0.0439,3.3227,3.3227,0.0335,0.1403,1730.8732,0.0000,5373.0031,1.0468,11.2729,0.1308,0.0616,55426480963482.5000,
376.0000,12.0621,0.0000,-0.0414,3.3649,3.3649,0.0340,0.1421,1740.9132,0.0000,5404.1694,1.0518,11.3613,0.1314,0.0617,55482858056789.9000,
377.0000,12.0208,0.0000,-0.0401,3.3796,3.3796,0.0341,0.1427,1744.4380,0.0000,5415.1111,1.0535,11.3924,0.1316,0.0617,55502650730217.0000,
378.0000,11.9807,0.0000,-0.0397,3.3753,3.3753,0.0341,0.1425,1743.4085,0.0000,5411.9154,1.0530,11.3833,0.1316,0.0617,55496870010568.4000,
379.0000,11.9410,0.0000,-0.0398,3.3601,3.3601,0.0339,0.1419,1739.7810,0.0000,5400.6549,1.0512,11.3513,0.1313,0.0617,55476500725075.8000,
380.0000,11.9012,0.0000,-0.0401,3.3402,3.3402,0.0337,0.1410,1735.0367,0.0000,5385.9273,1.0489,11.3095,0.1310,0.0616,55449859725769.2000,
381.0000,11.8611,0.0000,-0.0404,3.3188,3.3188,0.0335,0.1401,1729.9366,0.0000,5370.0956,1.0464,11.2646,0.1307,0.0616,55421221543320.5000,
382.0000,11.8207,0.0000,-0.0408,3.2959,3.2959,0.0333,0.1392,1724.4738,0.0000,5353.1380,1.0437,11.2165,0.1304,0.0616,55390546612557.1000,
383.0000,11.7799,0.0000,-0.0415,3.2681,3.2681,0.0330,0.1380,1717.8525,0.0000,5332.5839,1.0404,11.1581,0.1299,0.0615,55353365964366.1000,
384.0000,11.7384,0.0000,-0.0427,3.2280,3.2280,0.0326,0.1363,1708.2952,0.0000,5302.9161,1.0357,11.0739,0.1293,0.0615,55299699471800.7000,
385.0000,11.6958,0.0000,-0.0450,3.1620,3.1620,0.0319,0.1335,1692.5871,0.0000,5254.1548,1.0280,10.9355,0.1283,0.0614,55211494447535.9000,
386.0000,11.6508,0.0000,-0.0495,3.0479,3.0479,0.0308,0.1287,1665.4038,0.0000,5169.7719,1.0147,10.6960,0.1266,0.0613,55058852901386.5000,
387.0000,11.6013,0.0000,-0.0576,2.8518,2.8518,0.0288,0.1204,1618.6788,0.0000,5024.7276,0.9917,10.2843,0.1236,0.0610,54796480010246.2000,
388.0000,11.5438,0.0000,-0.0714,2.5281,2.5281,0.0255,0.1068,1541.5477,0.0000,4785.2959,0.9538,9.6047,0.1187,0.0606,54363368386278.8000,
389.0000,11.4723,0.0000,-0.0934,2.0242,2.0242,0.0204,0.0855,1421.4783,0.0000,4412.5745,0.8948,8.5467,0.1110,0.0599,53689146964453.6000,
390.0000,11.3790,0.0000,-0.1257,1.2912,1.2912,0.0130,0.0545,1246.8396,0.0000,3870.4585,0.8090,7.0079,0.0999,0.0590,52708504946057.0000,
391.0000,11.2533,0.0000,-0.1702,0.2999,0.2999,0.0030,0.0127,1010.6476,0.0000,3137.2678,0.6929,4.9267,0.0848,0.0577,51382225141168.6000,
392.0000,11.0831,0.0000,-0.2269,-0.9427,0.0000,-0.0095,-0.0398,858.1302,0.0000,2663.8210,0.6802,5.2128,0.0857,0.0596,53304991280321.6000,
393.0000,10.8561,0.0000,-0.2945,-2.3819,0.0000,-0.0240,-0.1006,0.0000,0.0000,0.0000,0.0000,0.0000,0.0000,0.0000,0.0000,
394.0000,10.5616,0.0000,-0.3695,-3.9166,0.0000,-0.0395,-0.1654,0.0000,0.0000,0.0000,0.0000,0.0000,0.0000,0.0000,0.0000,
395.0000,10.1921,0.0000,-0.4475,-5.4155,0.0000,-0.0546,-0.2287,0.0000,0.0000,0.0000,0.0000,0.0000,0.0000,0.0000,0.0000,
396.0000,9.7446,0.0000,-0.5237,-6.7433,0.0000,-0.0680,-0.2847,0.0000,0.0000,0.0000,0.0000,0.0000,0.0000,0.0000,0.0000,
397.0000,9.2209,0.0000,-0.5938,-7.7873,0.0000,-0.0786,-0.3288,0.0000,0.0000,0.0000,0.0000,0.0000,0.0000,0.0000,0.0000,
398.0000,8.6271,0.0000,-0.6548,-8.4708,0.0000,-0.0855,-0.3577,0.0000,0.0000,0.0000,0.0000,0.0000,0.0000,0.0000,0.0000,
399.0000,7.9723,0.0000,-0.7045,-8.7565,0.0000,-0.0884,-0.3698,0.0000,0.0000,0.0000,0.0000,0.0000,0.0000,0.0000,0.0000,
400.0000,7.2678,0.0000,-0.7418,-8.9165,0.0000,-0.0900,-0.3765,0.0000,0.0000,0.0000,0.0000,0.0000,0.0000,0.0000,0.0000,
401.0000,6.5260,0.0000,-0.7662,-9.1047,0.0000,-0.0919,-0.3845,0.0000,0.0000,0.0000,0.0000,0.0000,0.0000,0.0000,0.0000,
402.0000,5.7598,0.0000,-0.7777,-8.8487,0.0000,-0.0893,-0.3737,0.0000,0.0000,0.0000,0.0000,0.0000,0.0000,0.0000,0.0000,
403.0000,4.9821,0.0000,-0.7761,-8.1591,0.0000,-0.0823,-0.3445,0.0000,0.0000,0.0000,0.0000,0.0000,0.0000,0.0000,0.0000,
404.0000,4.2061,0.0000,-0.7608,-7.0802,0.0000,-0.0714,-0.2990,0.0000,0.0000,0.0000,0.0000,0.0000,0.0000,0.0000,0.0000,
405.0000,3.4453,0.0000,-0.7307,-5.6907,0.0000,-0.0574,-0.2403,0.0000,0.0000,0.0000,0.0000,0.0000,0.0000,0.0000,0.0000,
406.0000,2.7146,0.0000,-0.6840,-4.1048,0.0000,-0.0414,-0.1733,0.0000,0.0000,0.0000,0.0000,0.0000,0.0000,0.0000,0.0000,
407.0000,2.0305,0.0000,-0.6185,-2.2716,0.0000,-0.0229,-0.0959,0.0000,0.0000,0.0000,0.0000,0.0000,0.0000,0.0000,0.0000,
408.0000,1.4120,0.0000,-0.5316,-0.7322,0.0000,-0.0074,-0.0309,0.0000,0.0000,0.0000,0.0000,0.0000,0.0000,0.0000,0.0000,
409.0000,0.8804,0.0000,-0.4219,0.4147,0.4147,0.0042,0.0175,0.0000,0.0000,0.0000,0.0000,0.0000,0.0000,0.0000,0.0000,
410.0000,0.4585,0.0000,-0.2911,1.1223,1.1223,0.0113,0.0474,143.3216,0.0000,444.9012,0.1263,0.4141,0.0222,0.0059,4248217437511.0400,
411.0000,0.1674,0.0000,-0.1468,1.4316,1.4316,0.0144,0.0605,143.3216,0.0000,444.9012,0.1263,0.4141,0.0222,0.0059,4248217437511.0400,
412.0000,0.0206,0.0000,-0.0206,1.4882,1.4882,0.0150,0.0628,143.3216,0.0000,444.9012,0.1263,0.4141,0.0222,0.0059,4248217437511.0400,
413.0000,0.0000,0.0000,0.0000,1.4865,1.4865,0.0150,0.0628,143.3216,0.0000,444.9012,0.1263,0.4141,0.0222,0.0059,4248217437511.0400,
414.0000,0.0000,0.0000,0.0000,1.4865,1.4865,0.0150,0.0628,143.3216,0.0000,444.9012,0.1263,0.4141,0.0222,0.0059,4248217437511.0400,
415.0000,0.0000,0.0000,0.0000,1.4865,1.4865,0.0150,0.0628,143.3216,0.0000,444.9012,0.1263,0.4141,0.0222,0.0059,4248217437511.0400,
416.0000,0.0000,0.0000,0.0000,1.4865,1.4865,0.0150,0.0628,143.3216,0.0000,444.9012,0.1263,0.4141,0.0222,0.0059,4248217437511.0400,
417.0000,0.0000,0.0000,0.0000,1.4865,1.4865,0.0150,0.0628,143.3216,0.0000,444.9012,0.1263,0.4141,0.0222,0.0059,4248217437511.0400,
418.0000,0.0000,0.0000,0.0000,1.4865,1.4865,0.0150,0.0628,143.3216,0.0000,444.9012,0.1263,0.4141,0.0222,0.0059,4248217437511.0400,
419.0000,0.0000,0.0000,0.0000,1.4865,1.4865,0.0150,0.0628,143.3216,0.0000,444.9012,0.1263,0.4141,0.0222,0.0059,4248217437511.0400,
420.0000,0.0000,0.0000,0.0000,1.4865,1.4865,0.0150,0.0628,143.3216,0.0000,444.9012,0.1263,0.4141,0.0222,0.0059,4248217437511.0400,
421.0000,0.0000,0.0000,0.0000,1.4865,1.4865,0.0150,0.0628,143.3216,0.0000,444.9012,0.1263,0.4141,0.0222,0.0059,4248217437511.0400,
422.0000,0.0000,0.0000,0.0000,1.4865,1.4865,0.0150,0.0628,143.3216,0.0000,444.9012,0.1263,0.4141,0.0222,0.0059,4248217437511.0400,
423.0000,0.0000,0.0000,0.0000,1.4865,1.4865,0.0150,0.0628,143.3216,0.0000,444.9012,0.1263,0.4141,0.0222,0.0059,4248217437511.0400,
424.0000,0.0000,0.0000,0.0000,1.4865,1.4865,0.0150,0.0628,143.3216,0.0000,444.9012,0.1263,0.4141,0.0222,0.0059,4248217437511.0400,
425.0000,0.0000,0.0000,0.0000,1.4865,1.4865,0.0150,0.0628,143.3216,0.0000,444.9012,0.1263,0.4141,0.0222,0.0059,4248217437511.0400,
426.0000,0.0000,0.0000,0.0000,1.4865,1.4865,0.0150,0.0628,143.3216,0.0000,444.9012,0.1263,0.4141,0.0222,0.0059,4248217437511.0400,
427.0000,0.0000,0.0000,0.0000,1.4865,1.4865,0.0150,0.0628,143.3216,0.0000,444.9012,0.1263,0.4141,0.0222,0.0059,4248217437511.0400,
428.0000,0.0000,0.0000,0.0000,1.4865,1.4865,0.0150,0.0628,143.3216,0.0000,444.9012,0.1263,0.4141,0.0222,0.0059,4248217437511.0400,
429.0000,0.0000,0.0000,0.0000,1.4865,1.4865,0.0150,0.0628,143.3216,0.0000,444.9012,0.1263,0.4141,0.0222,0.0059,4248217437511.0400,
430.0000,0.0000,0.0000,0.0000,1.4865,1.4865,0.0150,0.0628,143.3216,0.0000,444.9012,0.1263,0.4141,0.0222,0.0059,4248217437511.0400,
431.0000,0.0000,0.0000,0.0000,1.4865,1.4865,0.0150,0.0628,143.3216,0.0000,444.9012,0.1263,0.4141,0.0222,0.0059,4248217437511.0400,
432.0000,0.0000,0.0000,0.0000,1.4865,1.4865,0.0150,0.0628,143.3216,0.0000,444.9012,0.1263,0.4141,0.0222,0.0059,4248217437511.0400,
433.0000,0.0000,0.0000,0.0000,1.4865,1.4865,0.0150,0.0628,143.3216,0.0000,444.9012,0.1263,0.4141,0.0222,0.0059,4248217437511.0400,
434.0000,0.0000,0.0000,0.0000,1.4865,1.4865,0.0150,0.0628,143.3216,0.0000,444.9012,0.1263,0.4141,0.0222,0.0059,4248217437511.0400,
435.0000,0.0001,0.0000,0.0354,1.4865,1.4865,0.0150,0.0628,143.3216,0.0000,444.9012,0.1263,0.4141,0.0222,0.0059,4248217437511.0400,
436.0000,0.0354,0.0000,0.1584,1.5099,1.5099,0.0152,0.0638,143.3216,0.0000,444.9012,0.1263,0.4141,0.0222,0.0059,4248217437511.0400,
437.0000,0.1938,0.0000,0.2845,1.6936,1.6936,0.0171,0.0715,143.3216,0.0000,444.9012,0.1263,0.4141,0.0222,0.0059,4248217437511.0400,
438.0000,0.4784,0.0000,0.3948,2.1685,2.1685,0.0219,0.0916,143.3216,0.0000,444.9012,0.1263,0.4141,0.0222,0.0059,4248217437511.0400,
439.0000,0.8731,0.0000,0.4877,2.9946,2.9946,0.0302,0.1265,1652.7064,0.0000,5130.3564,1.0084,10.5841,0.1258,0.0612,54987553580131.5000,
440.0000,1.3609,0.0000,0.5645,4.1768,4.1768,0.0421,0.1764,1934.3746,0.0000,6004.7153,1.1468,13.0660,0.1438,0.0627,56569194779118.0000,
441.0000,1.9254,0.0000,0.6271,5.6861,5.6861,0.0574,0.2401,2293.9650,0.0000,7120.9611,1.3235,16.2344,0.1667,0.0647,58588388899926.0000,
442.0000,2.5525,0.0000,0.6777,7.4774,7.4774,0.0755,0.3157,2720.7711,0.0000,8445.8592,1.5589,19.3689,0.1996,0.0672,60343633626522.2000,
443.0000,3.2302,0.0000,0.7182,9.2186,9.2186,0.0930,0.3893,3135.6445,0.0000,9733.7157,1.7915,22.3240,0.2324,0.0697,61955968366582.5000,
444.0000,3.9484,0.0000,0.7500,10.8465,10.8465,0.1095,0.4580,3467.9035,0.0000,10765.1192,2.0089,25.0868,0.2630,0.0720,63463297653491.5000,
445.0000,4.6984,0.0000,0.7739,12.3393,12.3393,0.1245,0.5210,3734.9524,0.0000,11594.0962,2.2260,27.5127,0.2952,0.0747,65436226850978.1000,
446.0000,5.4722,0.0000,0.7898,13.6160,13.6160,0.1374,0.5750,3963.3478,0.0000,12303.0849,2.4420,29.4041,0.3298,0.0780,68131320428847.8000,
447.0000,6.2621,0.0000,0.7962,14.5868,14.5868,0.1472,0.6160,4137.0243,0.0000,12842.2140,2.6063,30.8423,0.3560,0.0805,70180722775806.5000,
448.0000,7.0582,0.0000,0.7881,15.1268,15.1268,0.1526,0.6388,4233.6419,0.0000,13142.1358,2.6977,31.6425,0.3706,0.0819,71320821906590.7000,
449.0000,7.8463,0.0000,0.7546,15.3671,15.3671,0.1551,0.6489,4276.6152,0.0000,13275.5344,2.7383,31.9983,0.3772,0.0825,71827912715167.6000,
450.0000,8.6009,0.0000,0.6743,15.1066,15.1066,0.1524,0.6379,4230.0105,0.0000,13130.8633,2.6942,31.6124,0.3701,0.0818,71277971552548.3000,
451.0000,9.2752,0.0000,0.5154,13.0467,13.0467,0.1317,0.5509,3861.5129,0.0000,11986.9673,2.3457,28.5608,0.3143,0.0765,66929655966292.7000,
452.0000,9.7906,0.0000,0.2541,8.4931,8.4931,0.0857,0.3586,2962.7856,0.0000,9197.1245,1.6946,21.0928,0.2187,0.0687,61284181848121.9000,
453.0000,10.0447,0.0000,-0.0845,1.8973,1.8973,0.0191,0.0801,1391.2585,0.0000,4318.7657,0.8800,8.2804,0.1091,0.0598,53519454848476.4000,
454.0000,9.9602,0.0000,-0.4157,-4.7022,0.0000,-0.0474,-0.1986,0.0000,0.0000,0.0000,0.0000,0.0000,0.0000,0.0000,0.0000,
455.0000,9.5445,0.0000,-0.6545,-9.1598,0.0000,-0.0924,-0.3868,0.0000,0.0000,0.0000,0.0000,0.0000,0.0000,0.0000,0.0000,
456.0000,8.8899,0.0000,-0.7726,-10.8216,0.0000,-0.1092,-0.4570,0.0000,0.0000,0.0000,0.0000,0.0000,0.0000,0.0000,0.0000,
457.0000,8.1173,0.0000,-0.7888,-10.3183,0.0000,-0.1041,-0.4357,0.0000,0.0000,0.0000,0.0000,0.0000,0.0000,0.0000,0.0000,
458.0000,7.3285,0.0000,-0.7339,-8.7979,0.0000,-0.0888,-0.3715,0.0000,0.0000,0.0000,0.0000,0.0000,0.0000,0.0000,0.0000,
459.0000,6.5946,0.0000,-0.6327,-7.0789,0.0000,-0.0714,-0.2989,0.0000,0.0000,0.0000,0.0000,0.0000,0.0000,0.0000,0.0000,
460.0000,5.9619,0.0000,-0.5021,-4.9106,0.0000,-0.0496,-0.2074,0.0000,0.0000,0.0000,0.0000,0.0000,0.0000,0.0000,0.0000,
461.0000,5.4599,0.0000,-0.3540,-2.6133,0.0000,-0.0264,-0.1103,0.0000,0.0000,0.0000,0.0000,0.0000,0.0000,0.0000,0.0000,
462.0000,5.1058,0.0000,-0.1984,-0.3803,0.0000,-0.0038,-0.0161,906.4940,0.0000,2813.9527,0.6669,4.6666,0.0824,0.0582,51918571851135.1000,
463.0000,4.9074,0.0000,-0.0440,1.7063,1.7063,0.0172,0.0720,1345.7331,0.0000,4177.4452,0.8576,7.8793,0.1062,0.0595,53263817920333.2000,
464.0000,4.8634,0.0000,0.1019,3.6418,3.6418,0.0367,0.1538,1806.8896,0.0000,5608.9743,1.0842,11.9427,0.1356,0.0620,55853332903348.9000,
465.0000,4.9653,0.0000,0.2340,5.4559,5.4559,0.0551,0.2304,2239.1381,0.0000,6950.7667,1.2966,15.7513,0.1632,0.0644,58280521757174.6000,
466.0000,5.1993,0.0000,0.3492,7.1764,7.1764,0.0724,0.3030,2649.0485,0.0000,8223.2167,1.5187,18.8580,0.1939,0.0668,60064895949553.4000,
467.0000,5.5485,0.0000,0.4468,8.8083,8.8083,0.0889,0.3719,3037.8759,0.0000,9430.2208,1.7367,21.6276,0.2246,0.0691,61576007375605.0000,
468.0000,5.9953,0.0000,0.5274,10.3308,10.3308,0.1042,0.4362,3375.6553,0.0000,10478.7609,1.9400,24.2116,0.2533,0.0713,62985823877079.4000,
469.0000,6.5227,0.0000,0.5920,11.7026,11.7026,0.1181,0.4942,3621.0592,0.0000,11240.5472,2.1232,26.5397,0.2791,0.0732,64256026170866.7000,
470.0000,7.1147,0.0000,0.6421,12.8703,12.8703,0.1299,0.5435,3829.9543,0.0000,11889.0026,2.3158,28.2994,0.3096,0.0760,66557260647791.6000,
471.0000,7.7569,0.0000,0.6785,13.9878,13.9878,0.1411,0.5907,4029.8758,0.0000,12509.6019,2.5049,29.9550,0.3398,0.0789,68916357840352.5000,
472.0000,8.4354,0.0000,0.7014,15.3490,15.3490,0.1549,0.6481,4273.3926,0.0000,13265.5307,2.7353,31.9716,0.3767,0.0824,71789885398334.2000,
473.0000,9.1368,0.0000,0.7106,16.5211,16.5211,0.1667,0.6976,4483.0674,0.0000,13916.4064,2.9336,33.7080,0.4084,0.0854,74264072643020.4000,
474.0000,9.8474,0.0000,0.7052,17.4212,17.4212,0.1758,0.7356,4644.0878,0.0000,14416.2483,3.0859,35.0415,0.4327,0.0878,76164132281398.1000,
475.0000,10.5525,0.0000,0.6844,17.9666,17.9666,0.1813,0.7587,4741.6674,0.0000,14719.1562,3.1742,35.8718,0.4504,0.0889,76885017730622.3000,
476.0000,11.2370,0.0000,0.6485,18.0957,18.0957,0.1826,0.7641,4764.7521,0.0000,14790.8161,3.1935,36.0770,0.4558,0.0891,76886962445774.8000,
477.0000,11.8855,0.0000,0.5991,17.7961,17.7961,0.1796,0.7515,4711.1582,0.0000,14624.4493,3.1486,35.6007,0.4434,0.0887,76882447562104.1000,
478.0000,12.4845,0.0000,0.5403,17.1293,17.1293,0.1728,0.7233,4591.8647,0.0000,14254.1365,3.0365,34.6090,0.4248,0.0870,75547893392664.3000,
479.0000,13.0248,0.0000,0.4783,16.2303,16.2303,0.1638,0.6854,4431.0377,0.0000,13754.8950,2.8844,33.2771,0.4005,0.0847,73650116164195.4000,
480.0000,13.5032,0.0000,0.4198,15.3230,15.3230,0.1546,0.6470,4268.7272,0.0000,13251.0481,2.7309,31.9330,0.3760,0.0824,71734832531411.0000,
481.0000,13.9230,0.0000,0.3703,14.5378,14.5378,0.1467,0.6139,4128.2567,0.0000,12814.9975,2.5980,30.7697,0.3547,0.0803,70077264478501.8000,
482.0000,14.2932,0.0000,0.3328,13.9559,13.9559,0.1408,0.5893,4024.1577,0.0000,12491.8519,2.4995,29.9077,0.3390,0.0788,68848884387676.2000,
483.0000,14.6260,0.0000,0.3076,13.6272,13.6272,0.1375,0.5754,3965.3675,0.0000,12309.3545,2.4439,29.4208,0.3301,0.0780,68155153036845.2000,
484.0000,14.9336,0.0000,0.2931,13.5391,13.5391,0.1366,0.5717,3949.6020,0.0000,12260.4150,2.4290,29.2902,0.3277,0.0778,67969118221030.3000,
485.0000,15.2267,0.0000,0.2861,13.6340,13.6340,0.1376,0.5757,3966.5772,0.0000,12313.1095,2.4451,29.4308,0.3302,0.0780,68169427024156.0000,
486.0000,15.5128,0.0000,0.2829,13.8258,13.8258,0.1395,0.5838,4000.8835,0.0000,12419.6038,2.4775,29.7149,0.3354,0.0785,68574246166805.9000,
487.0000,15.7957,0.0000,0.2795,14.0078,14.0078,0.1413,0.5915,4033.4448,0.0000,12520.6811,2.5083,29.9846,0.3404,0.0790,68958473123417.7000,
488.0000,16.0753,0.0000,0.2715,14.0544,14.0544,0.1418,0.5935,4041.7836,0.0000,12546.5665,2.5162,30.0536,0.3416,0.0791,69056872001499.8000,
489.0000,16.3468,0.0000,0.2543,13.8222,13.8222,0.1395,0.5837,4000.2384,0.0000,12417.6010,2.4769,29.7096,0.3353,0.0785,68566632843302.6000,
490.0000,16.6011,0.0000,0.2236,13.1612,13.1612,0.1328,0.5558,3882.0028,0.0000,12050.5725,2.3651,28.7304,0.3174,0.0768,67171439523370.8000,
491.0000,16.8246,0.0000,0.1760,11.9484,11.9484,0.1206,0.5045,3665.0285,0.0000,11377.0374,2.1598,26.9336,0.2846,0.0737,64611116894258.6000,
492.0000,17.0006,0.0000,0.1110,10.1433,10.1433,0.1024,0.4283,3342.0957,0.0000,10374.5845,1.9149,23.8932,0.2498,0.0710,62812120263663.6000,
493.0000,17.1116,0.0000,0.0323,7.8451,7.8451,0.0792,0.3313,2808.3708,0.0000,8717.7876,1.6080,19.9928,0.2065,0.0677,60684075083759.4000,
494.0000,17.1439,0.0000,-0.0521,5.3036,5.3036,0.0535,0.2240,2202.8367,0.0000,6838.0793,1.2788,15.4315,0.1609,0.0642,58076679651790.5000,
495.0000,17.0918,0.0000,-0.1320,2.8530,2.8530,0.0288,0.1205,1618.9519,0.0000,5025.5754,0.9918,10.2867,0.1236,0.0610,54798013578534.9000,
496.0000,16.9597,0.0000,-0.1985,0.7968,0.7968,0.0080,0.0336,1129.0548,0.0000,3504.8293,0.7511,5.9701,0.0923,0.0583,52047112662616.4000,
497.0000,16.7612,0.0000,-0.2459,-0.6821,0.0000,-0.0069,-0.0288,880.5436,0.0000,2733.3969,0.6740,4.9596,0.0842,0.0590,52662479415388.0000,
498.0000,16.5153,0.0000,-1.8847,-19.8200,0.0000,-0.2000,-0.8369,0.0000,0.0000,0.0000,0.0000,0.0000,0.0000,0.0000,0.0000,

